ENTITY_STABLE_ID	NAME	DESCRIPTION	Liu_Sample1	Liu_Sample10	Liu_Sample100	Liu_Sample102	Liu_Sample105	Liu_Sample106	Liu_Sample107	Liu_Sample108	Liu_Sample11	Liu_Sample112	Liu_Sample116	Liu_Sample117	Liu_Sample121	Liu_Sample125	Liu_Sample126	Liu_Sample127	Liu_Sample13	Liu_Sample130	Liu_Sample131	Liu_Sample132	Liu_Sample133	Liu_Sample134	Liu_Sample135	Liu_Sample137	Liu_Sample14	Liu_Sample140	Liu_Sample141	Liu_Sample142	Liu_Sample143	Liu_Sample144	Liu_Sample145	Liu_Sample146	Liu_Sample147	Liu_Sample148	Liu_Sample149	Liu_Sample15	Liu_Sample150	Liu_Sample154	Liu_Sample155	Liu_Sample156	Liu_Sample158	Liu_Sample159	Liu_Sample162	Liu_Sample163	Liu_Sample165	Liu_Sample166	Liu_Sample167	Liu_Sample168	Liu_Sample169	Liu_Sample17	Liu_Sample170	Liu_Sample172	Liu_Sample173	Liu_Sample179	Liu_Sample18	Liu_Sample181	Liu_Sample183	Liu_Sample184	Liu_Sample185	Liu_Sample187	Liu_Sample188	Liu_Sample189	Liu_Sample191	Liu_Sample192	Liu_Sample193	Liu_Sample195	Liu_Sample196	Liu_Sample197	Liu_Sample20	Liu_Sample200	Liu_Sample201	Liu_Sample203	Liu_Sample204	Liu_Sample205	Liu_Sample206	Liu_Sample21	Liu_Sample22	Liu_Sample23	Liu_Sample24	Liu_Sample25	Liu_Sample27	Liu_Sample30	Liu_Sample31	Liu_Sample32	Liu_Sample33	Liu_Sample34	Liu_Sample35	Liu_Sample36	Liu_Sample37	Liu_Sample38	Liu_Sample4	Liu_Sample40	Liu_Sample42	Liu_Sample44	Liu_Sample45	Liu_Sample47	Liu_Sample48	Liu_Sample51	Liu_Sample56	Liu_Sample58	Liu_Sample6	Liu_Sample61	Liu_Sample62	Liu_Sample63	Liu_Sample67	Liu_Sample7	Liu_Sample72	Liu_Sample73	Liu_Sample75	Liu_Sample77	Liu_Sample78	Liu_Sample79	Liu_Sample8	Liu_Sample82	Liu_Sample83	Liu_Sample86	Liu_Sample87	Liu_Sample9	Liu_Sample94	Liu_Sample96	Liu_Sample98	Liu_Sample99
Beck_Mac_CSF1	Beck_Mac_CSF1	Beck et al clin Cancer Research 2009; PMID:19188147	8.43145063137182	9.40330303237048	11.9064852966918	9.74010762567097	7.33585111564108	9.90873400044734	6.12392661776654	7.07048667052152	9.26052430684843	9.1563445297806	8.83747633290053	11.1548636528771	9.99776091854707	11.8378495879373	10.2038655632147	9.02454407997494	8.93190881883515	10.0659868146781	9.80047312482125	10.7121687203054	9.57682959874335	10.0187561425278	9.25883774880534	11.086146595464	10.097859164954	8.50641377423431	6.72170115170738	9.60826754302093	10.3095768153887	8.28854407843321	10.1046011092082	8.86731246016967	7.77932316529819	9.64860466743642	11.1754625101515	9.91893794447997	9.21415196340256	9.1557062911266	9.14060511247483	9.68202675564732	9.40722317068272	9.61114259152382	9.23952143849172	9.09167875529995	9.36323890425213	7.59254736564079	10.2179958160613	8.69103923838816	9.75438854555258	10.7499071786803	9.15725040927352	10.3243209294053	9.58593010304599	5.52622782336032	8.48437328288246	9.9507122248463	9.42537414236975	8.95422030356485	9.50775298794031	9.67870307871435	8.30803307998302	9.66382904441661	10.257378142663	11.0068357672018	10.0904194784742	9.54644552113231	8.60269611635911	8.31718216510639	10.6575387511932	10.0549146625909	7.03076438065277	9.80452435191913	9.32931170173337	9.68433612504847	10.1543837207963	8.22335761846231	7.98984660000448	8.79540897476362	8.42049772556577	9.93885856169803	9.68879252918063	10.2581392775175	8.88913094329537	8.6676825261482	11.6187586139676	8.97333982205927	8.87943053763465	8.76187550219385	10.4980952253808	9.12810254369897	8.95493209076377	8.4328922795797	8.93332359468797	9.9997496935251	10.1790437733949	7.56652737509631	7.80230420872603	9.85296969744256	10.2204262358463	8.30186627056748	9.35174912200457	10.4557357178728	10.3393000899417	8.37248395740988	7.84136023147421	9.24913022083624	9.57856966037587	8.89745391152754	9.90834686956695	10.3036741806348	10.5239307958986	10.6761978237087	8.71896491483363	7.73452042462457	8.03988897315906	11.2491187165328	10.675309274593	8.42174407885118	9.98871323287078	8.84429317039589	10.557306875703	10.6564183463639
Bindea_BCells	Bindea_BCells	Bindea G et al. Immunity 2013; PMID:24138885	5.58149326681063	5.61744274708398	7.51550854291162	6.12684637119142	3.57634379656356	6.31711891146934	0	0	5.80558488207852	6.45445248063939	6.1472891576114	6.00205961946098	6.43119031442305	8.15678058871671	7.22579652004556	6.32452954255548	6.08667303350408	6.88157407267094	3.43644873479928	8.20099288958842	5.73890258827977	8.04961155152252	6.47779541557155	8.40375520835759	6.37371854030965	4.81735666572676	0.851344676459439	5.1746548796872	6.04459532688686	4.4113859159686	5.31224595339351	5.5771942261305	3.07283794774037	4.71846012531413	7.79201778659755	6.95448517765427	4.93928639495098	7.25383420857539	5.02802552308526	5.37447271868063	6.02719917067473	5.89458302990325	5.99254865060259	7.8297379451248	5.86480090612803	3.33543923149209	7.49689160886364	4.98216581918311	6.51609913882839	7.55712556539726	5.95582364938055	6.62115287704237	6.61487182095135	3.49943496821607	5.66998915470348	6.84632862673322	6.0498320633007	4.24356285455978	5.97602236902393	6.24109936022059	5.47480290202017	4.34376449379414	6.28055853651788	6.93586438052539	7.32817862240444	7.13125966826689	5.02341786527099	2.91145248393314	5.50097004697788	6.50397676615968	3.72408346670176	6.50221632285469	6.41114588876754	5.83988595423946	6.31685897655592	3.99469648079556	2.02971596370384	5.87426418651757	5.88145618865798	6.69793027807614	8.54750409004454	5.76925832821488	5.24578957373287	3.33569377181802	8.43318759088878	5.77401634203935	5.24933110599944	4.85798099512757	8.91583715375052	4.88333974487214	5.74186238490443	5.82603928155389	5.83617654736977	7.62764695123699	6.19232333178825	5.03644237949233	5.26813627302667	5.08991473947174	6.86990566459874	4.1875765033196	6.03930172114453	7.32274757519391	6.05066850918198	6.50036956282834	4.49963044692139	6.20390601218931	5.7812484405456	5.93457902343432	7.46681971494903	4.8289026416955	6.79554726845391	6.04759359553442	5.01835743065322	4.68541441076755	4.9105314368399	8.78049113943293	7.95890107974339	4.07944277228607	6.63647704803343	5.33387231410538	8.17031760877151	5.418019011489
Bindea_CD8_TCells	Bindea_CD8_TCells	Bindea G et al. Immunity 2013; PMID:24138885	8.65152605161632	9.00171279913079	9.38048169788838	8.28433543471009	8.10797259961703	9.20129850671858	7.07408638733549	6.99338782562223	8.37974611594317	8.93684836744093	8.37064312542581	9.22019788382593	8.98167640115748	9.61338185197965	9.04242454710762	8.40500490894402	9.31083214781611	9.45630429658048	8.3488117769948	9.03769477432262	8.73925461993973	9.04688646613791	8.33224887246801	8.86166401287479	8.6963651186204	8.83544511478255	8.19435290955036	8.61788505940037	8.64641219159037	8.20812388813049	8.80584009875883	8.31797953302723	8.51852761774674	8.38866453035888	8.84094098850429	8.73642865620046	8.78311740486359	8.66662807319129	8.52809793229701	8.80533192712623	8.77147843500022	8.83309962620509	9.20014359263429	8.77928233418435	8.70128044720767	8.48349638918863	8.7839666510522	8.08032184852833	8.67784852849873	8.75752660792484	8.63181574810831	9.04823491840446	8.75519296194455	7.54355009412697	8.43501961203326	8.90088758955342	8.47507912417672	8.0255254577855	8.45755932001783	8.64055976857684	9.2501082412178	9.23084344784923	8.8177515907367	9.05977734944713	8.96155072797393	9.01919459027385	8.64808931164973	8.33327982232604	8.94625129754121	9.31380703893501	7.91691387308378	8.99651167449922	8.70886413686154	8.60958703200631	9.00657629220417	8.5734035435827	8.93218747226187	8.88757718138451	7.88782411529012	8.74115700522634	8.74004582571868	8.64372536952649	8.61025877606628	8.65204450311369	9.09295120696392	8.99440129706162	8.77607422504667	9.07056643359886	9.37736402002994	9.1088061799562	8.66450442013645	8.66262757434882	8.50746283732429	8.85988635595754	8.36810388247018	8.77220491790223	8.97728422152679	8.27487435192798	9.05371504962502	7.68203107090485	8.60345245678672	8.46463856694805	8.49029041779252	9.16867766843758	7.9715513212123	9.00664186904641	8.92339266807841	8.42322813143441	8.63001487397655	9.40982682783192	8.71881539580807	9.20726367436606	8.86738227659248	9.22586886649119	8.74775031204264	9.3621950713101	9.23901626024055	8.51352752942026	9.02031879407902	8.91802098473732	9.11909843128204	8.67366817561393
Bindea_Cytotoxic_Cells	Bindea_Cytotoxic_Cells	Bindea G et al. Immunity 2013; PMID:24138885	6.13873505149575	6.45339809294747	9.81455331119829	5.61639065526301	6.02923572224655	6.54739534349538	0	0	5.31112607970564	7.44622186256616	5.42201540305202	7.03481084892942	8.42305822014694	9.8756191910284	6.88110412235766	6.90349201914666	5.2951516970258	7.5480674254496	0	7.94855255499864	6.31813111334293	7.27729955652728	5.11518854086491	8.50327106861526	6.62468461370683	4.35820673368657	2.32794849862653	6.03612392619414	6.85581011388199	3.81444275332467	5.88505398334089	4.60139585286666	3.59948485551482	5.52269050025227	7.80966418754523	7.38295331294303	5.39704340294836	5.08774802154109	6.01887358440333	4.10255393116352	6.84756357905368	7.35416953404061	7.07162310282379	6.07160338706883	5.77029194311481	3.47363973387862	7.16509501101946	4.35931495340336	6.59521723839708	7.09291153257845	5.89540376709518	7.96263160750543	5.36009247975514	2.62167427907768	4.91937648835479	7.3466693184012	5.66827102864447	0	6.1297309893258	6.38020315622722	5.07076373464529	6.82489118353076	6.47783019410684	7.72568504343127	7.07263234299091	6.76878659210972	4.46046576669822	3.71320544140656	7.05063888148501	6.83328623759586	4.80077442489328	7.03687981627637	6.99045236285675	4.8286842453778	7.41477719033575	4.25874466417416	3.73692715395163	5.13045429702024	5.59005736784392	6.97964233200847	7.40188241313619	7.56698073225208	4.80058966007481	4.91895879833683	7.82385696138995	6.01511665217952	6.83128021489047	5.94641895979516	8.21436308888733	5.4850460157202	5.67499475447023	5.95941031234086	5.45250507765215	7.67598555588139	6.67512374526647	4.35767380365762	6.00142087458354	6.91579356018534	7.08961018915035	4.1875765033196	6.9166984685819	6.11232102486625	6.36542350042786	6.53112149465321	5.78277689933694	6.17935929628023	7.63651185641111	5.29311199119684	7.36505752423199	6.64585565853731	6.20466997335418	7.25039661229044	5.83907006845059	3.44522992096925	4.80086630926712	8.60854338107661	8.35052891935622	5.64674971132831	7.0762401023391	5.73993948260693	7.83845414834951	6.44783451801692
Bindea_DC	Bindea_DC	Bindea G et al. Immunity 2013; PMID:24138885	4.66169502024154	7.71393906455154	8.81892271489188	3.61038448672194	4.71257783565125	6.17848701494574	0	0	7.64925842050113	4.2314644581005	5.98544762284707	5.77156125144529	6.41470595956904	6.62775583817217	6.40393502242183	7.33474530784229	6.53233810817336	4.76057742033203	4.89348842412579	8.42335837311076	5.34917659146726	7.54442143168726	4.44677454986402	7.13478447199757	7.15778578702395	3.38668090632245	2.07612361471122	2.85970972618122	8.486063257985	5.64734979289348	5.37129452130021	5.94061690007149	6.3178771275473	5.17515405769561	8.77744762762948	5.979036409837	6.96202737054712	6.98684465425474	3.89069939999665	7.41189631995625	6.92221459163777	6.46620463098107	5.01503139174919	6.12033229327332	5.74566462140918	3.97952213696888	7.1370482630794	4.62916435559102	7.51930432495826	6.83200321266173	5.95579407777691	8.72698794081037	5.44955974805871	0	4.64940799071632	8.57187232122964	8.52187042644969	0	6.99582858529095	6.80741655330442	5.03704491751629	8.77564205594369	7.16677333812781	7.84015529926816	7.55010441941765	5.76157789619979	3.63035247957683	3.36732173370487	8.18697229486757	3.91922663481876	5.49099702801397	6.98519516708513	5.86878080885624	6.19278789556245	6.87548540717923	3.99469648079556	3.73692715395163	3.8311959697396	3.18368553536341	8.21441608346357	5.30356893490019	4.55167008048293	2.78186566355218	6.40948860148996	9.39381781747925	6.37375618284434	4.22007149848824	5.65344223860392	7.29272401462797	5.31094091822035	6.83426256157384	6.03042866284891	4.53524565665373	6.424681289456	5.91187072480008	3.61946885248936	4.00135324561173	7.43380016441377	9.4221475611984	4.94723348296768	5.82526272848195	3.62803122261305	7.81573643526531	5.3336926470529	6.61907984482667	3.67903889222392	6.08650228145591	3.96662963990078	5.68936653054412	5.38475624713953	7.70504554958643	5.73572613521191	4.26764825896724	1.27093456404386	5.30091439655464	7.37521117871215	7.25209286369966	6.83813198936429	7.46198591368281	4.97238595164302	6.87634935734564	6.44783451801692
Bindea_Eosinophils	Bindea_Eosinophils	Bindea G et al. Immunity 2013; PMID:24138885	8.22625000132373	8.03983334898391	8.12412196983811	7.09206030449104	7.45304639381907	7.00666398542225	5.1075690839646	4.88306951168028	7.82858799400483	8.15907917924526	8.60988773776137	8.36824735540695	8.65798551481509	7.98782412865855	7.81891019483254	8.85999297234151	8.14565023759279	7.7866046845259	6.74872472690632	7.98752199426072	7.13513361087925	7.75707832179887	7.6896554835755	8.03265427589355	8.02053976557543	7.95443147272194	7.7708852225516	6.55675138069551	8.13952825772557	7.80591949208741	7.26033888972962	6.79431939491266	7.55700861894426	8.47548471607083	8.42775567229578	8.46766081078312	7.1754851084122	8.80111058126082	8.22519817068061	8.33469240702058	8.18928730585657	8.73155355218979	7.48411314933748	8.70831033367109	8.17615120419999	7.68592237738791	8.95091946559954	8.25956509669027	8.07078802983365	7.54632913675813	8.76821102691502	8.50461808387315	8.39018616039361	7.34042705207536	8.19591006027973	8.43119614228833	6.78918929002081	7.5712159697569	8.42680920623797	8.15624578423547	8.51871341359157	9.10128393304845	7.63468407765049	8.31811449777129	9.43311902272162	7.89685762503521	8.19252219746917	8.16996225517289	7.73790723075695	7.88460399522892	8.24753546030019	9.60916640263426	8.05634734788132	7.02163775600135	8.6127988101906	7.4106567072345	8.28087155387822	8.21431974188794	6.96990292265983	8.74305925328171	7.14570082257372	7.78499137117551	8.42935842250783	7.18044450400762	7.89950400508376	8.93300397762802	8.10441404115648	7.5218435666831	8.36433816263406	7.59126451744935	7.11573221197446	7.24825124875995	7.31707614636572	5.77556752209925	7.30039618697374	8.45739839733991	7.42030972115802	7.28596534988173	8.55948128955361	7.31051260537824	7.40534830763283	7.31910387817113	9.11347896691859	7.06956380849666	8.06906822805053	9.32715991935865	7.71265473329719	7.9470112385561	7.12943306259049	7.54595084524312	8.88434350940268	7.69257689174661	7.52436711347383	7.00069140273623	7.88369873226526	8.90166200312333	8.88262837764322	8.90836095905139	8.4822471148064	7.8596204723397	8.86679791773831	7.77653454128095
Bindea_Macrophages	Bindea_Macrophages	Bindea G et al. Immunity 2013; PMID:24138885	8.35518237461038	8.87750026998601	9.82225462986943	9.083329225561	5.70818733345379	9.35940730421708	0	5.86364791220291	8.5040142724017	7.83130152647942	7.64374120424256	10.2218489630754	8.78848164598217	9.2291928110179	8.71928778042254	7.79695053536913	7.63279081862625	9.76752501655134	8.63049896079125	9.60169937316423	8.23919464196626	8.55225959472682	8.40437814550389	8.41951929380622	9.02488822263831	7.44475803700224	6.37550063758904	8.29591738126687	9.26864512947846	8.37603977559115	8.91073824224045	7.69291788735126	7.77240334924803	9.67450385413175	10.0044451005058	8.72107603699573	8.33023594700902	8.70635738509144	7.82386238719528	9.84883517731588	8.30831421549228	8.17147503117101	7.88687603675005	7.87305121156884	8.86600822124124	6.28508604268281	9.74630966406809	7.95706374544816	9.14754740447876	9.50990564218904	7.72925316636698	9.28721792589459	8.63821144777714	4.87531393555514	7.67311929811915	8.48824514229631	8.3987870387179	7.18722353879486	8.69930839959953	8.96452741916539	7.55544766347025	8.70731915364809	9.40611490576535	10.6935003058525	8.40446124538761	7.81255812434774	7.84264300105744	6.62726092875532	9.40433698775294	9.72065664952921	7.58158468415534	8.04658475024307	7.83726181994275	8.1850976182121	8.8174375706043	7.95146085228077	7.08357487876059	8.26329663469264	8.33584777227572	9.79748170159955	7.90581518363239	8.85756744232886	7.83474240690544	7.56424779579003	10.7768130349162	8.98678297855311	7.7202529167974	8.73809225962049	9.78815660769735	8.50591626670238	8.33699406858885	7.4403245731487	6.84682262457716	8.91731175764889	8.73179699484882	6.87015448241002	6.24935194735888	9.17594905931188	9.18015300247892	7.19780067681209	8.24536704062004	9.59568131735822	9.07018103431057	7.69820909322768	6.96952264574557	7.66966312008822	8.21731166093249	7.95981466664195	7.00798978973729	8.59359644528373	8.50695009785995	9.92211869625799	9.1714333431835	8.57151636817232	8.20902309646087	9.38369362186584	8.59425866312238	7.5524367433158	8.40297704265391	7.46114037734141	9.23488419059645	9.98226898909074
Bindea_Mast_Cells	Bindea_Mast_Cells	Bindea G et al. Immunity 2013; PMID:24138885	3.51336670653157	6.22492276462078	5.41259369429288	3.40754638544798	0	3.53006425457226	0	0	4.10682675347547	6.49060360577848	6.23397812126141	6.07137664650209	5.29408010993425	3.238605203682	4.2464571565869	7.54763688402021	2.3504299898895	0	0	5.46823239999114	4.9285517005342	7.23143178669482	2.22403120306988	2.71839348812978	5.62394872553278	0.67010708978062	2.07612361471122	1.25750586903877	8.12213574436534	3.61663249193342	5.56921592373218	2.84101110446907	1.91852015061548	3.89616418901546	5.1518117064705	5.16947261830829	3.01205690139282	8.9118724525605	6.37384900215444	4.90289021017282	2.02076953570141	4.93388112815261	0	6.05124929551224	4.7226931788066	1.35344200832313	2.79115693418504	2.52339644294482	6.63661101874628	3.9649338725404	6.12313415166252	8.73298918924036	4.50324927769169	0	3.88453600483427	7.24513931126297	5.39422956113396	0	5.71782540794192	5.55253121781494	4.23704025800663	8.62152862995259	5.03450456383446	5.40593730998397	7.20294460451036	5.84142011313857	1.85876558910559	2.91145248393314	4.12745647094574	3.45592263518158	3.42919356756414	7.06702456001678	6.03596002747445	2.41386642785708	5.81854890316827	2.07097487956233	3.49537304361774	3.38575416813662	5.17154436971301	6.90175777135157	3.14664861023608	2.98339731168431	2.37799855692926	2.24800553610765	7.73579079577733	8.22476223069163	2.17866116881961	5.4484605008163	4.71784126530911	4.19468630769269	4.83133051617461	3.01156054809275	2.52465596433599	0	3.24531562052289	2.61636579399937	1.32279431829428	6.80641938226173	8.51314401831461	7.17505749801753	7.15824902111072	5.85345133664706	5.11326087396868	3.35110705344086	4.87668285939836	2.97021821781703	2.5944539803474	4.71167509588109	0	2.38368151440939	6.44130560222062	5.36279793316822	3.05391077910066	4.14845842654493	4.13871173273784	4.89025826820781	4.55631833626924	6.66214038519066	6.06076333897165	3.22392690960135	4.95034054804293	3.07437943905924
Bindea_NK_CD56bright	Bindea_NK_CD56bright	Bindea G et al. Immunity 2013; PMID:24138885	8.88281073024229	8.93853852770641	9.5891381001475	8.68813513233485	5.56091242771989	7.65416308715755	6.49196717798817	5.922283730939	8.99140388297891	9.03605099767235	9.18229890078915	8.31069518829924	9.03296007470636	8.9165243037821	9.21484451530945	10.2468681918375	8.37261395533155	8.0725277650951	7.68156773936585	8.24132232070646	8.00056899103785	8.85211296787745	8.53834900116524	7.95930062983031	9.94184671392167	7.45410884713313	7.20019269010681	7.87390444269133	8.8877763350024	7.98028191298616	9.3410170780461	8.07147376920329	8.14962717908752	7.49597486310213	7.556845494324	9.23014743487288	7.73357461506746	9.34248745199144	6.95826600204263	9.89787891268731	8.02007141850264	8.74072217361342	8.67503466971431	8.02012178801196	7.99321388481105	7.31219915115556	9.77908067648077	8.93039645531201	8.2619646040304	7.95307109267768	7.94607378823566	8.64958719983298	7.49031428636425	8.07099520068222	8.28359800942831	9.04816125731941	7.48413401170492	7.46997624676991	8.68688494305738	8.6763331410016	8.01165932414781	8.19395657554804	8.4072904805015	9.44343466857793	8.81707961835187	8.99876114779022	8.44774134446864	7.309341181367	7.43581995606802	8.66729920363773	7.36769701694272	8.89085556215956	8.12425152392893	8.27950247915803	8.4452215330815	8.15846922783426	8.2674849663147	8.1552643481842	6.97956514279386	9.9203379309568	9.00252563707613	9.63799441622075	7.67191010090074	9.7375050011049	8.33264304328356	9.55894440845429	7.91634979584554	8.10804977419459	8.22061038550073	8.26848790581492	9.74999265693747	7.3999016073643	7.81462409520632	6.82350999508638	6.69672410895289	8.25983455056698	8.22956757632383	7.25920603606968	9.17699528951693	7.85176736343183	7.12319882098716	5.23447608215199	7.28866702473394	9.68409823015507	9.09116487672945	8.44179930898859	9.52131996810958	7.98712365884891	6.28678142335922	8.18588608985571	7.65096519231076	8.63088977409471	8.63303238511007	7.62482267890018	9.190186182715	8.92196698669741	8.59166382684937	8.00869526689697	8.47349773577668	7.29437806968226	8.13883968373098	8.33299311045579
Bindea_NK_CD56dim	Bindea_NK_CD56dim	Bindea G et al. Immunity 2013; PMID:24138885	4.78644731030895	6.39092228732253	7.88691695217894	2.43628036141055	0	4.23703919730085	0	0	4.89307613683921	5.57543624329674	4.41405398222527	4.71350739213538	6.93744594520733	6.44420118864283	6.506248642262	5.39979254334091	3.40137269040121	5.34793426921778	0	6.26606573376465	6.52837760085178	6.49504086545559	2.55972694044129	6.77923528385992	5.65435304407891	3.30273814442015	1.38314493126144	0	7.32987454367083	0	5.02411055690916	5.04697758037668	3.89741029027699	3.19691145092725	5.98165884353253	5.02691993097516	3.44546093127529	3.74173884176557	4.72993902254292	3.15160481823552	5.64177808377107	6.51771439215321	3.72918080643529	5.15658812440685	5.21053356412521	0.829934883573212	4.4015129129913	2.76654201961812	5.4644059046469	5.25551785330852	5.54848368777132	5.80849236735825	3.25398777607503	0	4.04356646539982	6.91404646687672	3.82746095824161	0	5.16118666436461	3.94054894220092	3.74648406231926	5.44198278792158	6.81391871535632	6.55331885616451	5.9852937212826	6.77896109323487	3.15070846449616	3.60686580008508	7.25162744692772	6.66624367622145	1.78365001958893	6.61532230111535	5.70824166407824	4.07664644763876	4.80516420324456	2.66361218758853	2.35360352839924	4.44593521536916	5.11656114964927	6.17610933854974	3.67626053778194	5.15146572028904	3.23209309820246	3.08755004277395	7.66943274250832	5.96822489316595	3.91736766618247	3.84130225398094	6.63132901239034	5.27344868223585	3.04810734000143	4.12792321322155	5.39932390374887	0	5.49622206713999	2.83964548473551	4.72930942908335	0	6.20269704775617	3.99325527036666	5.03279427863446	0	6.53024703102782	4.39794913587278	2.95545356104674	4.60282232420321	5.68358532565594	3.80802609719723	4.5037778532673	5.36027093520791	6.67662892044917	6.93257874262208	3.9332054355367	0	2.04098526412453	7.10537025517931	5.44470829951479	4.65088624549176	5.35942223139279	3.39714044381098	7.51107112132687	5.70140883461682
Bindea_NK_Cells	Bindea_NK_Cells	Bindea G et al. Immunity 2013; PMID:24138885	7.97684869856033	8.08382667771777	8.71565573323669	9.34556687789867	7.48895964952324	7.94328070026438	7.60300045684512	5.683557396243	8.1830731002743	8.8698743479236	8.69968930390124	9.13776983662264	9.02133383754892	8.03209683970955	8.27672365563262	8.94999987712821	7.96810344711359	8.51316968540507	6.01104972573117	8.80152183166287	7.18312678267232	8.62501807813943	7.9520657559711	8.00457978040312	7.71434182039935	8.13860546182039	7.49451584951082	7.29890541467608	8.4283946647815	7.87306561414892	8.20365790142837	8.07576586458476	8.31690050199529	7.44462246539599	7.94722512871471	8.19635650412982	8.37392115354085	9.19435758809112	8.31327173058964	8.74473658874211	8.45380780788285	8.63508896762579	8.33327114401085	8.65520186282929	8.32891844858308	8.1341071773241	8.39814886830012	8.63410701963301	7.9360633317896	8.8559538635937	7.81325900182667	8.63276870680317	7.35681934383138	7.07703592311126	8.7027362829125	8.81491666597141	7.39992729776415	8.39713896737335	8.19668230223055	7.60924060612347	8.04971862824505	8.46087093693569	7.99884995225507	8.97263638680609	8.73472615726071	8.51889401986564	8.58369300115844	8.87010344703911	8.37772208516861	8.53789199301472	8.36981452239563	9.18110894757308	8.60248253265799	8.19932585328454	9.47510708838673	8.0650592943349	7.17876188257927	8.37019347071002	8.63870424113533	9.05666047850472	8.17649088337841	7.76081616557443	8.11060706647407	7.83930218454356	9.05251122738525	9.78030635077008	9.14305506244934	8.45806478287339	8.35828558222509	8.68077629305453	8.61482861382553	7.39395416775579	7.90871015142907	7.69487643925582	8.28091861541951	7.83185141353858	7.26822058938454	7.31236548857834	8.66078839726788	8.68657691098528	8.57188185698329	6.84092094169093	8.74458188299296	7.43074449951182	7.05996556411214	7.67406452651122	8.47837349617199	7.79531493864046	8.87180506119623	8.41194623972693	8.58735613919217	8.70216972443343	8.54509818519479	7.60963698549983	8.62789558629184	8.44636412586286	8.61282648296506	9.22521526038527	8.12277956843802	9.32428784628956	8.35834458372478	8.23224965058841
Bindea_Neutrophils	Bindea_Neutrophils	Bindea G et al. Immunity 2013; PMID:24138885	5.44340667852611	6.59629878493696	8.42083873992592	7.0716849051838	2.80654398485955	7.3857470490128	0	2.7584669671797	6.63110628739097	6.87903167761519	6.11320921158165	7.6286582580369	6.38076191710058	6.96590611708083	7.10525348099165	7.57601357176492	6.71157041314444	6.79391469213502	5.36186726970849	8.16808980511485	7.42590654316604	8.3511275697514	6.54502899493645	7.7954512232201	7.13635891930435	4.98430343810127	4.50453561229179	5.60900644457924	6.97172546628463	5.49152631038577	7.31112199533269	6.70337959370845	5.0661723365093	6.21710428994522	8.12985128813889	6.09009782585297	5.5519929938161	6.84793345007335	6.46344846132034	8.07432698542189	6.18537326757264	8.4305234464537	6.2070818986156	5.89558627070682	7.16475731543669	5.28890920165786	7.63791875265542	6.50296617347566	6.51922433606143	7.00542922134803	6.57013871472657	6.86698184013163	7.39892964941185	0	5.2675818822007	7.21891602305586	5.03883537729815	6.17332446595232	5.90310386414798	6.11124702786633	5.54633929833556	7.24930151737081	6.83250024913233	7.53275485603873	6.78073957154169	5.88840204231805	6.66864728986197	6.71293621219387	8.35437046493171	6.79351223446612	5.86020342041933	7.536797292447	7.12262789623384	8.03019137511966	8.00325784895995	5.16079001444135	4.68178410206775	6.68769942826606	6.93440244260928	5.76775066572317	5.5621133741201	6.18329140572679	6.04349535093254	6.21442361755443	8.32872166949151	6.71684513580791	4.83492410682313	6.63903917347695	7.35541909567303	5.45186542086469	6.07866845398386	5.46480323254315	5.40605985581651	5.56184443859449	7.14397512112987	5.1598957891187	4.52902090509067	6.43201342296471	6.88159552529018	5.07469310994367	6.51652174275169	7.26963649474919	7.85749777974079	4.9976990504633	5.48908806675191	5.82100507773748	6.19214909494133	5.55929656889598	6.26480242981646	6.29753119826413	7.99406417148513	7.58265240052675	6.28506357350205	5.60108573232123	5.44379775545936	7.18760392257475	6.56165245768875	6.19315413765768	6.60516763688847	7.14022989448107	7.6829440490763	6.69093059475957
Bindea_TCells	Bindea_TCells	Bindea G et al. Immunity 2013; PMID:24138885	6.76536212863743	7.46954794718889	10.3395192932196	6.67445980927256	6.0685916184159	6.89415041037323	0	0	6.2689049013475	8.01846716835678	6.05533990742257	8.0152810179534	8.6681998181375	11.493126593706	8.52954027072211	7.12861604842731	5.41376721022253	7.77688020490809	3.8961885891513	9.14759453209974	6.89936253263173	8.55422259912988	6.94843854303328	10.0368924678612	6.49403344926613	4.37168081527128	1.31109642317997	7.05784731322697	7.6672966072598	5.04640601123668	6.50638032769965	6.54543913786818	4.91674413798048	5.71731324547706	8.78812639853429	7.66942639206222	6.83382408197001	5.82282550112459	6.25575727137715	5.45773744174396	7.2655654478259	7.56227544780263	6.78124356418741	7.18804433051293	6.2665428186044	3.35241029998767	7.58225531426248	5.99367824169895	8.08798736693352	8.49486116385805	7.2918324939972	9.52768646794189	5.96348866307104	3.79562129327517	5.30809127366206	8.49803539350389	7.68931090778493	5.86612991539682	7.54932423719076	7.36595772514746	5.75677011745975	8.25990948167902	6.99855887332108	8.37861961505158	8.1920427888645	8.24299196207661	4.56993917419983	3.0439958188868	7.92459861722458	7.79496104585209	2.17045932740424	7.93511236645509	7.17045971192829	5.34429350477709	7.77604493002948	4.70454223750448	3.43933323140097	5.44105459519892	6.23026005564541	7.9595097794555	7.89995866600698	8.17258982911048	6.00730737855333	5.34490431521247	8.77645117296246	7.16950788072622	7.58667735544921	6.66208245835631	8.80079903800239	6.89004829645119	5.91939415415471	5.60642275406284	6.53261578965921	9.25316394836497	8.02805552539273	5.20424434162212	6.24907088938584	6.10576013178944	8.71336956494256	5.04960322914935	7.32563864306449	7.26963649474919	7.15967186583897	6.2456335507	5.37568430681485	7.21989877711819	8.53377412512812	6.43233308538151	8.46715824132945	7.88161732639379	7.75478591216654	8.33889895696234	6.15105723967781	4.32664311921002	3.95767163806925	10.3523335874951	9.50798535052994	6.51000358576132	7.84761678593566	6.16936673545884	8.72061266841305	7.28021970096621
Bindea_TFH	Bindea_TFH	Bindea G et al. Immunity 2013; PMID:24138885	7.91844360244835	7.81567145520043	8.93228119813569	7.82794530862405	7.31708038033614	7.40101308073014	0	5.71675430834123	7.82865289669882	8.28061130644852	7.62691424009406	8.40368975571652	8.33982462038054	9.54511475055395	8.18987289020526	9.0428695158929	7.57097699064379	7.71687451252179	6.41092799524357	8.45730256727484	8.3243272746045	8.45399190016015	7.55782026404577	8.22113714737136	8.77125396945535	8.10061741247011	5.53277233783379	6.46254019067006	8.32537732161578	6.64303376754831	7.08755978050056	8.28429204866436	6.59361101688975	6.87850700762037	7.68617792625352	7.83670489964792	8.63580673637729	7.50335939244135	7.82135464423581	7.57174875259901	8.15340189412578	8.31084453596839	7.22692451513107	8.53850120613873	7.55415421842051	6.79832829590526	7.90748983120572	7.93033781703563	8.32244498299252	7.81656194079024	7.94339482738151	8.32331128893378	7.94559930114053	4.7154705646985	7.24413005596306	7.7455870783798	7.60250806774002	7.12592193656044	7.82614118794354	7.57741944696474	8.00200329460479	7.86206540217547	8.00984629518626	7.94045660697678	8.52244837534636	7.57002917816906	7.63229786977889	6.81754925924761	7.0850413423914	9.16482737750774	7.83404330462137	8.31287988023487	8.34746662733093	8.14134842568631	8.27351478346821	7.44397368188217	6.81834889812211	8.61884921744613	7.53942983115338	8.32165272222248	8.17994758271554	7.13152015656847	8.13760690974132	6.96664365606076	8.04719923166979	7.81561245457163	7.37070989090605	7.83597745679272	8.49099420802463	7.84230544026477	7.93220448685456	6.46552476955435	7.13052092083456	7.31578513909089	7.84953660397661	7.38338219571143	7.36203621783246	7.61070807666503	8.71682901443954	7.13823256726893	8.09845514217831	6.33173126991772	7.30416377653333	7.39260103065383	6.99514267747608	7.98650702550776	7.64169967694794	7.98621157707612	8.0023107694387	8.51936980961571	8.21321411343888	7.80835450390917	8.27820473697997	7.06053007724725	7.5379932513452	9.32346157345297	8.3939910629928	7.24467503475763	8.36889691021017	6.5234433447413	8.9729079969831	6.94671603987027
Bindea_THelper	Bindea_THelper	Bindea G et al. Immunity 2013; PMID:24138885	10.8135520405912	10.729917100228	10.6920760530125	10.1755003752238	10.6783042652715	10.6540903701121	9.15203440159147	9.23848175494185	11.0177902230724	10.1253775449551	10.7367205182274	10.7134382334709	10.4677803426069	11.0475403469526	10.5844051740054	10.3554500328074	11.22077766489	10.7638736484071	10.0661573433756	10.6105643911693	11.0052066507275	10.940460591101	10.853243215392	10.8025569414053	10.7572889840472	10.8250859628561	10.5265983434044	10.6310315559679	10.3933826621052	10.1269236946671	10.6122523037986	10.3103882731809	10.9168825455323	10.5046177962065	11.0440953611319	10.7430525892745	10.6593309376331	10.4163279301989	10.1349363250979	10.6644267208471	10.6012550812467	10.5769879012535	10.813272248983	10.6118970715599	10.4334803982362	10.6330788364351	10.8220305154223	10.6791128567524	10.7411305803714	10.1875657023176	10.5257374653078	11.095156633688	10.7772410045385	10.2031429938408	10.9300263729418	10.6581313711362	10.3428008157824	9.69062633076416	10.6670671780768	10.4551954505393	10.7024971601737	10.0987688349649	10.7563404607007	10.5792973120329	10.7183137007062	10.3944121634526	10.4836376270407	10.3109954084206	10.5708825832867	10.4234509342188	10.0348408454517	10.467578575424	10.5669056085262	9.94421501522016	10.7982668401972	10.5190266438585	10.2598312752569	11.0772541184877	9.91581899456156	10.6763170437964	10.815052353133	10.6046732482331	10.2743213083597	10.5916218117639	10.6447592549639	10.8409866801966	9.5879855648818	10.7645951858994	11.034993860598	10.5300125565466	10.4909458201243	10.6620525038642	10.532543855013	9.89758863445772	10.1948218717983	10.6832380133843	10.0119701241175	9.73418161328223	10.5296303744687	9.85544960422745	10.4690819875336	9.69791531672555	10.7770222525006	10.2734749442929	10.4605665854852	10.9195978010507	10.4951808099984	10.4652432032306	9.74192176733287	10.813990390921	10.7233786047073	10.3748169404875	10.8453122290402	10.0519087317522	10.484805121552	11.1082119299113	11.2127819794393	10.3455421846659	10.9804776484266	10.1047541442386	10.9669643141618	10.4501737269054
Bindea_TReg	Bindea_TReg	Bindea G et al. Immunity 2013; PMID:24138885	3.51336670653157	5.68875310109048	6.76094042152196	3.17145026416664	3.81046005326168	4.51825717408482	0	0	4.69870683417835	6.72087287432183	4.96013487536181	6.89840714086766	5.46395704477405	6.81239953162269	6.11820948864699	5.58672942689535	3.80555872609831	5.13143364187757	4.31443895389712	7.23840473932508	5.34915053007474	6.47549820844847	4.48670334630505	7.92397831875288	3.65002219625748	3.86763900287833	3.04223032707471	3.42435028201566	6.51728790241828	1.70188933648061	4.84127060117673	1.15901174445393	3.22358514032746	2.56119433478821	6.12118318260806	5.92645998931342	4.97214055054331	3.62597886329015	5.29666501290345	3.8221242810553	5.90980597478574	5.35228351235919	3.57279056293704	4.6810737719683	5.38012859071605	2.03928599454347	6.5079859155969	2.05874141768915	5.63750846241464	7.32580476113652	5.29160130865397	8.18322555074188	4.73447266612481	0	3.50169703611245	6.11769750158622	0	4.24356285455978	6.9584896729769	5.39740340590109	3.25404662530499	6.01187481369118	6.21220828843778	5.73979277830313	6.23724565769923	5.82185029157468	5.20562515004639	4.60283203153777	6.17112138578293	6.27541306206493	4.52272450332454	5.61645065122251	6.37592834112864	5.09546222636609	2.71008893418613	3.78730917596097	1.61140675566423	2.73799051622531	5.91406675028659	6.31782535513562	6.50076919230634	4.55167008048293	5.14668937545865	4.60000759493491	5.79460896513175	2.67179386415043	5.1089281814131	4.24792751344359	6.33707387119955	3.02295502709762	5.62862999284658	4.36619840354152	4.53524565665373	7.14120515557283	7.04802847342094	3.20339774179151	3.32322723503899	5.1508468080555	6.64072368194319	0	6.99203483266043	6.33173126991772	6.42087635633	6.91476657164739	5.51079089265862	5.79940806780156	5.18102097193073	3.88958543448466	6.70893843715473	5.31004278193775	6.46873433825858	4.54898786698513	4.37312069442447	0	3.85792933469604	6.94871348670628	6.93548219111586	3.67315268424294	5.86106449723976	4.99951629796824	5.69828401666042	5.6490154419333
Bindea_Tcm	Bindea_Tcm	Bindea G et al. Immunity 2013; PMID:24138885	10.5005402939765	10.4288877927217	11.0785691849442	10.6284160501557	10.3295145500272	10.5643730316008	9.32586331958688	8.7831326047575	10.690994051362	10.2682363949805	11.3886544368713	10.4871424724342	10.7481391494872	11.6873314449209	10.9172296021923	11.1118800543949	11.4118348702921	10.4306937268015	10.7233701393945	10.6874724516747	10.9533549704335	10.5763380551594	10.5236470182295	10.4429525999966	10.9052892563037	10.7940374720765	9.64009717470756	11.1110450436466	10.9560876201386	10.145390480857	10.8439146686883	10.1156572069016	11.0135688557559	10.427939851022	10.5512515817962	10.8058030201212	10.8326154311401	10.8605545994315	10.2323319545477	10.9310866418115	10.0414349370258	10.5149180782244	10.4819226850373	11.0416311843853	10.5093394252114	10.0583336147081	10.0117198283875	11.1375805918116	10.8696071152105	10.2919996196135	10.5834742655617	10.8039339159844	10.9487156618379	9.66323159899953	10.9320008189859	10.5392069564281	10.4772320027857	9.79659438253202	10.5209063802704	9.91077337741443	10.9812680011142	10.4449674645438	10.475255374892	10.7988442483388	10.8268173807769	10.6531033742071	10.0734697057372	10.0205278812335	10.8388620901021	10.386568955491	9.94213223196932	10.6391645411213	10.9328512753913	10.1505346473708	11.1654467406112	10.0791332066819	10.7294439893895	11.3726237778643	9.21928315024009	10.8536625297256	11.133618219573	10.4864957504848	10.559525592856	10.2061600498202	11.2601433374428	10.7263563272323	11.0956597159162	10.6320868583642	11.4175478136039	10.5480095532109	10.7415408577146	9.79187317226738	10.3165691393572	9.43354928282143	10.3553139922936	11.4392668681547	10.2485855510677	9.83565842601806	11.01210317675	9.99128297895184	10.3582624876511	10.9924497182189	10.851185880826	10.6546829767711	10.129531444041	11.4177345360876	11.0107598891075	10.9247155360469	9.77790796413414	10.0867432270569	10.5494331832835	10.523776401159	10.3354814022735	10.6602974954974	11.3340364859496	11.4319964014377	10.8561092138758	10.7273569203074	11.0094142295011	10.2774792292439	11.101992458981	10.7478542403963
Bindea_Tem	Bindea_Tem	Bindea G et al. Immunity 2013; PMID:24138885	9.14966644661814	9.96842083460119	10.1499760055326	8.69702627744791	7.77577604671994	9.42220132165767	0	4.243152631881	9.23540771812104	9.38831591528556	10.1128599363175	10.8658418824523	10.2382408086821	10.5920970025316	9.71757526254203	8.76561274463515	9.86046134262998	9.02161496642109	7.80721373791378	10.863799848138	9.42474199824041	10.7578763051389	8.43786537729717	9.9305654469572	9.23310196942525	8.16727605689817	6.75431266439509	8.31336873137457	10.2155141877097	8.41846451976317	9.91255722798727	8.53493792028858	8.29606713583139	9.33268563228413	10.8233334428679	10.340641332196	8.61402302981241	10.2674484350791	8.64460515568195	9.67787152182416	9.72108244716733	10.0536873598728	9.28451367938228	8.90748844454393	9.28882186176734	7.23170297043413	9.74962158743797	8.93561990152665	10.2438153528323	10.0204618224666	9.62302281150459	11.310783135961	9.23696554599234	6.73701207199489	10.1715840845668	10.6237797030451	9.49226970955	8.38686463542506	9.7612982833703	9.32676276367047	9.26110321656785	10.2193145452427	9.00951564264091	10.5792973120329	10.1674663534858	10.1163569737257	8.42734498125691	7.46875705049726	9.79395232137146	9.77777696548265	8.34489312947899	10.3334678004696	9.57175042689102	8.80377288415128	10.7662785574439	9.38375154223231	8.81747520657167	9.1380547377823	7.52582152938641	9.91737732657911	10.2631359077964	9.93704214819219	8.48656342544509	8.02524216453622	10.5758876789559	10.6075941934353	9.93119419091112	8.48784003382305	11.435792358484	9.59412086193743	9.35803890266975	8.33809411069329	8.73354564068603	9.20444591059068	9.45933998680815	8.2614802822308	8.89777279308485	9.73418161328223	10.7682032734489	8.43226141747183	9.70148958857752	9.26358931317474	9.743987112383	9.24111939329855	8.4773754073653	9.53857244919913	10.2559058439565	9.07687975672542	9.17819985985272	10.3423417177835	9.8740718030042	10.1275378662775	9.17143151552628	6.72212717464342	9.93391887895278	11.1306379619119	11.0792888239919	9.62834893544446	10.6371653923717	8.94966500571251	10.7925924757427	9.37400992931233
Bindea_Tgd	Bindea_Tgd	Bindea G et al. Immunity 2013; PMID:24138885	4.23118153867642	3.09184690085065	6.64182497176482	2.30154846138737	1.84041995901942	3.41992962247647	0	0	2.36714661695678	3.14351400068314	2.75459898247868	3.36545579117954	4.08767829524372	6.41394835653308	4.08480639344351	4.25027057599305	2.62098120930181	5.80838499793893	0	3.76427502552294	3.50236368744591	3.98725783943689	0	6.69644985275352	3.20156777315006	0.33505354489031	0.42567233822972	1.52671278900526	1.85586189350942	1.51873110118711	4.86834446936692	4.72245093821301	0.473097285902794	3.1295978645908	4.399994837307	4.91413660883622	1.79709760606294	2.61346935956279	3.16362270804187	1.49486648815389	5.26640483156543	4.77697123976564	3.99659755041865	5.99833222126548	2.61390146194348	1.14462592627762	4.91428888072601	1.33835972234963	3.93857650322925	3.67861020524277	2.4371461863625	5.23311600457199	3.63184520230463	0	2.04045689048651	3.62399170607234	0	0	2.65002379106442	4.80046045362357	2.68589235560686	2.72202255562897	2.86256317896299	4.42546691769538	4.22881587195989	4.2717550104306	2.68393101920988	0.758997970350415	2.84071130299178	3.9589433898509	0	3.43381874330884	3.10960865669023	2.18607689337214	3.82702308437251	0	0.51757647020351	2.02893507650645	1.33800228543061	3.83281763085762	4.56758199802762	5.65274697574431	0.907560337359715	0	5.53770426449683	3.49994991759498	4.03386182234659	2.24058487730874	6.60122903775774	2.68341918728704	2.32705467069379	3.56591868638928	3.6122405455245	0	2.04341545780878	1.9961821040662	3.32322723503899	0	3.42035605870064	0	3.49824437465715	3.16586563495886	2.4452233678054	4.03009946759029	0.61674506510989	3.73630037204543	4.84720656614169	3.18494507662793	0.88480940574248	4.2534559715458	3.36901243397079	4.97246508109118	2.06534005649137	0	2.78958538577385	6.02242911634156	5.81013431746	1.81189829698801	5.25897523394463	3.24918451466977	5.12030852064202	4.79734573410902
Bindea_Th17_Cells	Bindea_Th17_Cells	Bindea G et al. Immunity 2013; PMID:24138885	1.84990102691708	0	2.98775906795518	4.55007914855714	0	0	0	0	2.85642747157719	3.59875355729529	4.99224800509737	1.75100463093933	4.22087618888907	1.42640554885979	2.85294989933118	6.7825375153962	0	4.42164934723744	0	4.80338601985466	0	6.10771310552744	0.688847362110831	2.49854774890368	2.64422743447135	1.47174581546358	5.62207832099251	0	4.44846050081629	4.78599790627772	0	2.84101110446907	0	0	4.83996853831807	3.61902343217007	2.57216121849807	4.56639826435173	4.67083998344633	2.05470060011711	2.02076953570141	2.61870995473583	0	2.2786038153381	0.547838474701616	2.99971975642172	3.15312358141432	2.97455837007844	4.55545244791283	6.91376170121833	4.85753787780388	6.0327261252905	3.3500604779085	0	1.84066712006258	3.41662366934114	2.7792808382749	6.20880194817512	6.88078133552875	3.40181857127439	0.828954948220383	6.07900078064643	1.48468471639846	2.48538051566495	5.38260962420103	3.7385580186855	2.17076769652224	3.36732173370487	0	2.36612142943073	3.96880672142967	5.81897522404247	2.83871718369478	2.41386642785708	4.53446502090614	0	0	3.0979263786068	3.18368553536341	4.49562333139213	5.44036028039087	0	0.879415794692869	0	4.51109688097581	8.62883719921211	1.46658332170964	5.53397857200235	3.77169970322665	2.019698014697	8.05526220204412	0	1.37004557263805	0	4.85743308914738	0	3.32322723503899	0	6.18152490919909	5.14743568767992	3.23567861173355	7.76094670905793	0	0.877159723465186	0	2.97021821781703	9.29313022155874	7.13788783667198	0	1.26677007347205	1.80817050245925	1.5197491549522	1.97153076202192	0.771115816017129	8.43793676092923	3.15463802354112	4.21116208792865	3.82159261223199	4.54376557884812	8.06279392017077	6.22570571183888	0.947036238013846
Bindea_Th1_Cells	Bindea_Th1_Cells	Bindea G et al. Immunity 2013; PMID:24138885	6.1027340887216	6.87992473411633	8.44854400205522	7.23627471680205	5.36986699711521	7.10185632652753	0	0	6.52569431200726	7.4462402527169	7.0598580694639	7.67574446548463	7.29353025255538	8.39791436482378	7.25874431880742	6.99099125119625	6.38678575196734	7.70184828121647	4.73872291026973	8.01509334538549	7.01262331122925	7.82095433554702	6.975527029072	7.91288933622996	7.46273720698313	6.3456083685247	5.79920023671973	6.73744833466375	7.17886747468205	5.92421038214526	6.98417702599759	6.50798835207803	5.35232407241455	6.88003362736466	8.17372522472013	7.34340381164205	6.24624960969221	6.29203635203805	6.83020221535266	7.71598543998527	7.22711297933539	7.24836203744754	6.50649810751223	6.81647640416615	6.76316252225966	5.47719514706869	7.34752567812427	6.63924285585915	7.48193949418402	8.00796582284738	6.66546249714058	6.99609312808679	7.66046529224272	3.12630531714507	5.69419483866663	7.19836963089861	7.16954248053292	5.74501251625788	7.2274589894106	7.01379347295971	6.31136160639028	6.83205912346014	7.02122213824183	8.241974608724	7.33584090653881	7.15208349319377	5.66992225847279	6.66749747125483	7.70046114754069	7.33452851864839	5.03379733144203	7.56635689455349	7.16554904178182	6.95019554897095	7.72558816665964	5.55124237825497	5.16765649967899	6.84116667596234	5.88145618865798	6.47052259186172	7.09705569307519	6.63583557475526	6.03675664415151	6.67431838171367	7.53517179888782	7.63247708487532	6.39049693738674	7.42905796959378	8.30598097627468	7.57296028915377	7.16993165089429	5.86543923910637	6.4093113684488	6.33118253889981	7.11678001363011	6.76517300256805	6.4360549658546	6.6983100558374	7.97462604363033	5.84996250190952	6.96984409399858	6.61236590364691	7.88838142301448	6.77844825627126	5.6336825454824	6.74519186172424	6.75717663950412	6.53712799733123	7.38599230411996	7.26280093537364	8.05642434838583	6.68334390005912	6.57333433930225	6.68297834647483	5.83478114344211	7.89161562410744	7.52909757402815	6.3437692174947	7.69468084962122	5.1763589129867	8.38331151984071	7.69991540411308
Bindea_Th2_Cells	Bindea_Th2_Cells	Bindea G et al. Immunity 2013; PMID:24138885	8.51827099133085	9.41628745738548	8.89220896918256	8.09486833171251	9.05968974831593	9.48261000876693	6.94707451479694	7.32454690930109	8.36203727298578	8.26826315201302	8.89678453719958	8.26920392051328	9.20355198058338	9.29352718036599	9.003504273077	8.87773549897606	8.84077747836354	8.30625537918007	8.16586155434724	8.68806897699781	8.86709161560086	8.98951770400095	9.40378844725518	8.95738237422568	8.84823369244676	9.00255434126232	8.52201464882639	8.82638032467721	9.3031683404936	8.64364432500864	8.67386011266163	8.91052999248362	9.35543316978411	8.40129868887909	9.25791797216406	8.74800475036509	8.15315929094273	8.43837328649391	8.56302450524147	8.62841523104027	9.06329835803002	8.90767394040622	7.72807240365751	9.30222815004133	9.68445410190213	8.85997647153707	8.34299064571524	9.1167698781175	9.44313340789326	8.39415878019542	8.80709118412127	8.75118181969607	9.55314398993416	8.36068388520129	8.85729930301486	9.02079088465491	8.30806762406458	7.06590500461919	8.40144650317789	9.06938394096952	9.09077638955802	8.49895312586216	9.69146276598131	8.99164618323061	8.41790665066784	9.29847826807601	9.25343686856041	9.47869137730915	8.9889530624143	9.07723195644247	8.88312938762296	9.38980818512952	8.95132273986873	8.82622432544317	8.73488510252816	9.03788167462092	7.70723221771996	8.43245731148945	7.99418550898383	8.97773764426582	8.78826662552197	8.0709293925589	8.35046895223846	9.580019511536	8.42913006430018	8.11395954152268	7.37629874448224	8.49166613523959	8.94954249832852	9.08603416298368	9.11388630283927	9.45811608316814	9.31660239779677	7.59830836351393	8.8668448604774	8.01377804520904	7.36794228334884	8.48029531699201	8.92059848788022	8.96838289565272	8.85798402235482	8.62461795578112	9.67850265109631	9.42793976822435	9.01084937882902	8.97130970709858	8.90290849416786	8.87650619514848	8.69887957050003	9.20269821226711	8.89101089393453	7.98940833433398	9.03432347193904	8.31399855615216	8.58759810304628	8.96153620437692	8.82090180427208	9.35857025567958	9.59951605650156	8.69864751553299	8.66210138688983	8.88115143470911
Bindea_aDC	Bindea_aDC	Bindea G et al. Immunity 2013; PMID:24138885	5.22753175722718	5.9625471306891	7.6208836761138	4.39395157116044	2.9495809425248	5.2298176138807	0	0	5.73969845120144	6.12752220552358	3.76677172904365	6.33365511221314	6.36409172851502	7.47747528694009	7.38349591930071	5.85011160868475	4.85872911349404	6.8249244361064	3.62502126750233	9.22891116798323	7.66362018618907	8.79822885317611	4.86551181353547	8.99652275521575	5.79741973193672	1.75050544938961	1.38314493126144	3.9956040251165	7.76854338916114	2.57463147033961	5.63494827633165	4.74920847936033	4.06654748189456	3.43348316659966	6.93571337860648	6.34226032011203	5.09658013629153	3.20971542529336	6.78916501403363	2.51900367409471	4.78150046198883	6.51771439215321	5.43410550791928	5.91461371467289	5.26353756765014	2.68761129170926	6.19468843984582	2.76654201961812	6.63661101874628	7.57733840693845	6.36500896335228	8.46863604939701	5.08091837991919	4.25105530879531	5.85298500438933	8.48546231300763	5.39422956113396	0	5.56058205455813	5.84446926902781	4.73450033459141	6.88013898503137	6.93195536725487	8.35978118516232	8.48864228311872	6.21559757088487	2.83382138536291	0.950068743158998	6.74249417132173	5.49341176991897	0	6.39540973539418	6.84355653179044	4.75349946130801	6.45088905665315	4.25874466417416	1.01987849443329	0	4.1020287454854	6.76546027420877	7.65339660451202	4.74989547281971	5.33851782939935	3.61480060477272	7.62983248541408	4.99504163900456	5.37727371223393	6.10852445677817	7.66910381115152	5.02539297005496	7.37343293436316	3.14556203877316	6.07812020798125	7.55713079132677	5.23269854812431	3.9420167589625	3.08873651930684	4.61516862909318	7.43293191590729	0	6.16180323790911	6.11232102486625	6.33107349461595	6.23785534236851	4.41076645987854	5.11108281567193	5.80001205321974	5.46236209599598	6.83608838927873	6.81755536112391	7.96788288251482	5.63089202818004	5.36370736517153	2.87956908085009	2.04098526412453	7.92537558895845	8.55639514935516	4.4878847303421	8.51078689187536	4.32699184424328	10.4321761771935	6.49313652076506
Bindea_iDC	Bindea_iDC	Bindea G et al. Immunity 2013; PMID:24138885	6.15638659389971	7.57027228299384	8.38509602478401	7.3749987000975	4.68926258774136	7.88006052859849	0	0	6.75976561062536	7.02166877312844	7.57648914603979	8.05519147509645	7.21002665991064	7.15756105865904	7.65996457167244	7.85808075392082	6.76766921924354	7.56546197356532	6.10909328676716	7.20118144020502	7.36811435866374	6.95628538319279	5.94456601982636	6.67800637423479	8.18951850061836	6.43833786795829	5.66843879837036	6.56803802622191	8.05275759229308	6.21832612685181	7.05192554595407	6.32039121294628	6.26669905571452	7.1448914595124	7.83631522211882	6.72745953453471	5.616373492635	7.23421107812692	6.80297877027153	8.01177398802355	6.38484505509889	7.10754051170307	5.86346048959645	7.28404128395712	7.33339811652462	4.77813361879544	7.36490287734279	7.14332599630811	7.02221164621589	7.71127688400847	7.03089874735173	8.39737111392669	7.37406710079767	1.83887901039114	4.7451061545575	7.42420525339869	6.95613926892492	6.81049647391016	7.78506148907412	6.93701543308416	6.35306572002868	8.22991839585676	7.31536050560175	8.20646982731848	6.98839285449203	7.24309745688481	6.96974152143899	4.47378071291669	7.40852542662021	7.60472231423373	6.86156134567828	7.26405696432415	6.32146342673581	6.47673941393003	8.0750238487467	6.20108451969073	6.26778605316796	6.34597993941617	6.78351454546489	8.04811435010621	6.65493219157728	5.90018898943279	5.53418711489817	6.01690558943214	8.56999332261577	7.65187566531157	6.64046622587555	7.63662462054365	7.73653013167368	6.25467711000249	6.78226333183122	6.09811445955554	5.03103104421142	7.01158894644135	7.31509845237058	5.9912002761594	5.93219257975328	5.60733632895445	8.58213591877281	7.31685692308131	7.60955103688916	7.10185632652753	7.0328678517672	6.86384284928759	6.26072249584082	7.33862141768467	6.78700667538386	6.21495991219015	5.93642508410152	7.02649548128501	8.1096620053829	7.51627253861602	5.89328464979489	5.94874015524185	6.36919756423401	7.5374716456241	7.73989010693045	7.07114111201817	7.16473198433231	6.01542003655538	7.47538818292805	7.85250575237781
Bindea_pDC	Bindea_pDC	Bindea G et al. Immunity 2013; PMID:24138885	4.9721781095408	7.66762175400371	8.10239650359122	5.61639065526301	0	6.02510359964366	0	0	6.91707589843802	6.7804355146515	7.02147140242457	7.77777532424004	7.60820045553769	9.03399090832782	7.90441988189872	7.26623536779769	7.00871907479418	4.69886427622062	0	8.75090019999826	6.19302023693754	8.45831788798466	6.78050864650941	9.04051274018999	7.49669410979375	4.58835197210591	6.59540859059176	4.75904320290686	8.38305120512829	5.98162837336118	8.02824178272864	7.01387074192	4.41881330696232	5.90264112260716	7.8762623896871	6.64850569608871	6.32466559705498	7.4622831055122	7.34638067848679	8.54801759790698	7.24661165393073	7.83220027249538	5.96134323276984	7.70211719657079	7.53008415381905	4.77813361879544	5.23708365313536	6.19565300689608	7.46671832136334	8.24121758851648	6.09655757871613	8.5490722595903	5.86176290301815	1.83887901039114	5.64539520998502	7.9080608502747	8.41437162802025	5.7124710998039	7.61550969723815	7.10687283090701	6.42000052888758	9.06801047858417	8.72267973879082	8.20646982731848	7.33955767015551	8.48200196648387	5.89891066762621	5.73308377946928	9.37106665798657	6.32111844913391	6.26175277547707	8.88653087159791	7.53617027450322	6.61000800779341	8.39160722726239	4.99773567879419	5.49803289672597	6.0284789281078	6.25685400548364	8.70763986711008	6.85420773855352	3.88917423832302	5.96099827201098	5.23850094944743	8.25852647209315	8.93625846251057	7.3194910278276	6.44294349584873	8.24246123321824	6.25467711000249	7.05192258714673	5.27338913404301	7.01533444970129	7.92829688985686	8.07748276556805	3.35581436867147	5.37644808406182	5.37169887888005	9.46369258100279	7.41717431081943	6.03928751362933	0	7.65845637977132	5.52934639844116	5.37644808406182	6.10316130553863	7.43518253680714	6.49874498601978	7.91864774347935	6.63569022633901	8.09653453360103	6.74742066886877	6.57333433930225	4.60391965001107	5.88634552064987	8.58646155899887	7.78151744293084	6.31898982972584	7.55054721297524	5.60513291935316	7.56055099757958	7.65412141206276
CSF1_Response	CSF1_Response	Thorsson V et al. Immunity 2018; PMID: 29628290	8.44777390530279	9.42361887346793	11.9268695708438	9.75024079308037	7.35461873905883	9.91239484837189	6.01761036422964	6.92404782927869	9.27373740361713	9.16068931863201	8.84525325755446	11.1952779105005	10.0830125627344	11.8578042976729	10.2055574323245	9.02750689240185	8.97112473212815	10.0743890511038	9.7864104065762	10.7185057079657	9.54622944732682	10.0246631606542	9.23650022976038	11.1106344409469	10.1165255417446	8.5286941775843	6.72170664793974	9.67123224210951	10.3258240127867	8.33636022969134	10.1038764292484	8.89397487223609	7.80366664500033	9.6305704990245	11.2032631415411	9.97695357563651	9.21758526186675	9.1661424559167	9.13924520750192	9.67787152182416	9.45594515861359	9.64374538903381	9.26228050186941	9.11816178471897	9.39359109821006	7.62741786117841	10.2481207549457	8.73272275319449	9.76588470867036	10.8484291769585	9.16689453719093	10.3489596922699	9.63401628065662	5.56656410862968	8.49130494506954	9.97565074154006	9.41845184073319	8.99596492508537	9.54113871263556	9.7014432686574	8.33630668462756	9.63378772296895	10.2672714130026	10.9816821599684	10.0921029032875	9.5866425873869	8.64828138864643	8.41827436383911	10.6708759094752	10.1061913849427	7.03387754340476	9.81123404111733	9.37185818160816	9.69572092877897	10.1571900913944	8.21366461768663	7.95222049752522	8.78620436236219	8.43468442113595	9.93459337411061	9.71831581869482	10.2489844599459	8.89551935630506	8.70227127608675	11.6218364028358	8.9791242169712	8.90374182345155	8.85486838326024	10.5707688978642	9.1372908049139	8.95258333197015	8.4328922795797	8.95618742660654	10.0187400661007	10.1844023554359	7.57410853981444	7.81200862533797	9.85468874597489	10.2628355485051	8.30186627056748	9.35853497706714	10.4615724613761	10.3807383157879	8.40890731428655	7.81585925429277	9.25870796502936	9.59525619907072	8.93311364338797	9.9427123341746	10.3313611894815	10.569572125124	10.7324044273262	8.71271136608182	7.74409337235606	8.05980912788258	11.2842177408123	10.7233316973827	8.44647131614274	10.0437077222244	8.89291815424002	10.5577133735758	10.6970548713907
CTLA4L	CTLA4L	No description available.	5.89313843001617	6.76955001951435	8.91255559014704	6.14705763076411	2.11069773060023	7.01121036654768	0	4.30772694720887	6.41559723735935	6.39966438276066	6.08387839357971	7.80342044515288	6.79643615297411	8.86576951747552	8.06247096389505	6.2558636425486	6.90211882711716	7.19104886762059	6.28801474203797	7.94037261494622	7.43767007371974	7.71033141567046	6.58086592924896	8.26617381784692	7.47531034130238	4.46892356229257	4.83688842282311	6.89967129401058	7.48524762603909	3.3670357665682	7.497916447101	5.02992176382094	5.56672932429518	6.86911385601416	8.4611832980141	7.60311907814306	5.93352489889129	5.40014597380658	5.60163753200304	6.56623835561096	7.04663453218094	7.38111742957707	6.67870699267702	5.59136207948466	7.40218191030777	2.82177115665429	7.47173197429361	4.36214885905661	8.05052554332205	8.12054726419736	6.01633453579234	7.64209515939802	6.250187517155	0	5.80777197571329	7.96152328391767	4.84421279529678	3.82895280727008	6.56053047586621	6.53006242995169	5.36571391189134	6.53994712214344	7.73497411193233	8.53595915514623	6.74869938916823	5.39609052802605	5.28690152391118	3.00284366665224	9.10238555501796	7.63920653747009	3.67548010336584	7.05043279914566	6.16692537109711	7.4907196482002	7.06574833360558	5.5412670929931	4.0711649182006	5.41963630273329	4.44509885403467	7.25445483603886	6.93629540514447	8.50463216125396	6.40276758895702	6.00339121951444	9.11172927278868	5.32401221504627	5.74599648958221	5.59549532513193	7.679774310198	6.69913118042234	6.18588509168171	4.85928056409554	6.80205290359729	6.09068540145248	7.11273447147713	4.62592020251885	4.6538284075331	6.74169414714251	7.04172336220877	3.3319048160501	6.64181561129653	8.44573352959662	7.73844524815021	7.16293689341605	5.54855896804832	6.93792399137853	6.08894470870948	6.15865126437203	6.36051487109527	8.2023243108966	7.95440043793222	8.00381022666003	4.99813539783362	4.58137716815174	2.91739057172106	8.63740233235778	8.18806508803066	4.7932380793385	7.82609658361427	5.64139644719795	8.18970039210083	8.3781596413139
Chan_TIC	Chan_TIC	Chan et al PNAS 2009; PMID:19666525	8.16317036741172	9.06338733125582	9.76368128380897	8.82252664466962	7.28633591636919	8.78176419055277	6.98315783062563	5.683557396243	8.64115649208082	9.13809819756608	9.34540699487082	10.0479022290752	9.22177664407908	8.9129260086837	9.25166157301357	8.92330364913554	9.22118135363912	8.80073466525858	7.95515894667599	9.3272071504459	8.75655160869143	9.54683096345703	9.01888966404322	9.16730144181607	9.11782724592395	7.9548783950482	8.42788439992748	8.48838767342372	9.83188948188246	8.63671936371065	9.08988408083911	8.95975723307194	8.39444414741679	8.44724532677622	9.42329949641362	8.79258834596542	9.11098816577327	10.2541017040683	8.77234379658202	9.74658849296681	8.74180715979537	9.29389002356452	8.27100496888503	9.45707151570665	9.03812824785676	8.55085475837452	9.02715321150852	8.677553239274	8.98478447757282	9.3893290852862	9.34397395530935	9.67785166681277	9.06183445466658	5.78460111921149	8.18068837617985	9.54482434223228	8.17187694907633	8.55688357908393	9.03144650153555	9.2289222294867	9.24457917022325	9.79921910331973	9.00447392085097	9.32069913745211	9.37078988395059	9.29207361424265	7.81486536322739	7.62676439454575	9.50182898745699	9.1826732512869	9.38354452402495	9.91569888258741	8.90063240591557	9.38609939964562	10.3261963459361	7.81453942498541	8.52319780790771	9.46767705892558	9.04794698650448	9.79748170159955	8.39761409397448	8.21947785960245	8.38876136733315	8.83614896680684	10.1114525376232	10.2658933452449	8.39273195991293	9.10241318271631	10.4271591745621	8.94501428613685	8.89987276912444	8.48754952159454	8.70667091710233	7.87959150577999	9.01001552122226	8.64483788926348	7.54833016178993	9.12370972788048	9.99683890936241	8.70256832966	9.25680203541688	7.90470303637076	10.1072299908252	8.27891214148537	8.29615352738395	8.7096039487769	9.24429826197652	8.75995699446037	7.88962307514348	8.81245005524735	10.0980742697357	9.76068521637382	8.85605575221584	8.41307528841909	8.58562558104588	9.7393670466195	8.73651591846629	9.1725901474656	8.87391868026749	8.28027306787608	9.34771274086023	9.28882267368685
Chang_Serum_Response_Up	Chang_Serum_Response_Up	Thorsson V et al. Immunity 2018; PMID: 29628290	9.68584808324897	10.3779515776988	9.28951611353968	9.49310928111294	9.33733136334379	9.84312161097693	8.33539801574381	8.02127339006385	9.57939300990035	9.26080162890515	9.69782132498879	9.58559998991238	9.55872259414303	9.57281582843726	9.46156149811407	9.47724476646254	10.068657675836	9.39194117460563	9.31012612637313	9.52835598060159	9.59525808758715	9.72391767191136	9.93326502391839	9.5458290403901	9.59233134408389	9.44894430535944	9.22617737708035	9.3276324708666	9.49861440937347	9.19016976060295	9.39561193362094	9.54468055066924	9.56373121664308	9.60426702308223	9.77578736399316	9.62349781116361	9.61076428764857	9.24057328103773	9.59125694345898	9.68420359431727	10.1044078257288	9.86015236291518	9.01749709240729	9.64509245469607	10.1759828789707	9.65617840078061	9.57464959122657	9.84712249039078	10.0551534175642	9.52428811934698	9.55112004238259	9.38260529120615	9.93151920928478	9.35391988906328	9.9795636694434	9.59233945203052	8.73047991128648	8.66072557768094	9.17194536785942	9.51682346049375	10.0294967175771	9.48423558980314	10.1008183293131	9.50329811431397	9.7052359369	9.90847339795059	9.72676380794015	9.63809820182779	9.96559121635542	9.59605741379149	8.98148530765055	9.80011703165642	9.77667319021434	9.62102163320511	9.68089107763045	9.72307834185348	9.38704796243469	9.70019370872863	9.10555559191719	9.63470467871971	9.89041281007723	9.23136515379412	9.33750495869601	9.48187676537263	9.32754552339662	9.03928523865076	9.05243833210384	9.43216417369169	9.73189528703391	9.79518519677529	9.62973583175034	10.1557246207081	9.73744154077093	8.56615663711446	9.48843011079731	9.73434856396195	9.6543789251866	8.85738906516866	9.59365622217262	9.30351542443166	9.78328797776757	8.51031463217721	10.1768802313596	9.77572361418472	9.74770244929736	9.92620642865387	9.44315323751772	9.88024029601977	9.12626573013215	9.71931847244827	10.0369514629092	9.39602075056609	9.71349122240702	9.49526349392097	9.55115161933649	9.41645086579826	10.0654744139623	9.94409107425056	10.2352906282864	9.30455790815946	9.63164814701071	9.58523897909525
FFPE_Down	FFPE_Down	No description available.	10.4275000066742	10.4173289374141	9.772284552398	10.0721969260904	9.66051393460625	10.2369838888943	9.3193561887585	8.66182982229392	10.4581454467769	9.71650005653307	9.60884866262345	10.1167302300019	10.2074689647958	9.96722625883599	10.0325076173905	10.0812876139732	10.1583367570749	9.76940259452961	9.15904562051406	10.0467567407297	10.0606485648131	9.99837307417473	10.0808289411479	9.78907864377101	9.74317367601025	10.0366746908658	9.99875259758983	9.27511755269785	9.94399623561545	9.62258554128372	9.67152108282668	9.78565930741341	9.90861593944914	9.86476271893447	9.7454296129149	9.63791483795106	10.3189108308148	9.56818814857216	10.3195074396979	10.0258804161778	10.2920471488154	10.1001911320137	9.75388164017973	9.71686096144334	10.0437155983359	9.83713279917674	9.99985949049479	10.1992676767763	10.4703545954534	10.2423920979483	10.0715459465701	9.77169337507902	10.0816272099123	9.78536398498065	10.3041680122996	9.6919551312051	9.09782308931427	9.25796468819392	9.72284464659232	10.0515992470438	10.4383611665616	10.1151830252765	10.2403536504023	9.95122839249644	10.1754257553746	10.4529957506128	10.5956405542012	10.159806357792	10.2198402071112	10.2773000474115	9.55264357906241	10.3010706776532	10.1554530546297	10.1021390896007	9.89860533453465	10.2536672563178	10.4231619441503	10.0469221513217	9.96722625883599	9.94797760196664	9.78020552606405	9.4005329154981	10.1478408224019	9.54409714574579	9.61204405260231	10.2031731221924	10.1052899871654	9.88823588295637	10.0477372814774	10.3469860763242	10.2101849565994	10.0464620109952	10.2209198166293	9.37520047403247	9.96421979472257	9.83197681767811	10.434507703762	9.02340864094057	10.0663348233693	9.60624902345763	10.3133050786814	8.59754471754092	10.187948839472	10.0537127019772	10.0669237073	10.1511567866338	10.0933944456061	10.1424507235072	9.72173748102527	10.2661361483614	10.2755198860196	10.2219208077036	10.2389426322474	9.85482458228437	10.2432815181906	9.94714601907972	9.92513192880605	10.6418702793206	10.4144277491976	9.97745050281686	9.98183113441536	10.2319924543576
FFPE_Up	FFPE_Up	No description available.	11.0298961125646	10.7939791734477	10.6676896101945	10.6750238327092	10.8105586270257	10.737390026007	9.10967483275807	9.84157458873623	10.8151433934171	10.4086321238553	11.2576022340676	10.8022712170278	10.5648397123666	11.1253550305239	11.0174512435343	10.9194807790258	11.1568425785467	10.6735176419824	10.5822586354424	10.5377784022435	10.9404571678624	11.0248114865234	10.8031638279962	10.5186998107723	11.0820250414047	11.0697108655464	10.5714755283842	10.5072501835376	10.5862174796208	10.4176405334137	10.8011856167072	10.6986268926323	10.8166590283881	10.9106574255314	10.6268526916359	11.1610934853141	10.7796294582969	11.0347702706042	10.3386014231362	10.7501587968567	10.672366395372	10.9587800675143	10.8914567684051	11.0433017311712	10.8171705203244	10.8308111662004	10.7527499968737	10.7664432470074	11.0970401744558	10.4141372707656	10.7713403544937	11.0583889943638	10.9925554464115	9.97832715570064	10.9959845053342	11.0638115430335	10.5685212118834	9.41466925927499	10.667111542075	10.7030624058909	10.9790073936605	10.5865391514102	10.7670304275186	10.9193135297239	11.022513798491	10.7646740535351	10.7466512986401	10.3246885279171	10.6255132330888	10.5637814386449	10.0213389825913	10.8434613818708	10.7930607998048	10.2445085129263	10.9457461090197	10.5450240820991	10.5718164315111	11.0088936555519	10.100711920414	11.2056081711338	11.3406656411944	11.178079967366	10.8380647968536	11.111234942713	11.2968525077689	11.0307596632075	10.5251891579944	11.1817738528409	11.0947260626012	10.9284855947647	11.2383251137416	10.9050288869191	10.7312273711111	9.31236315001759	10.2186959201494	11.3685052195796	10.4329415434647	10.033189845021	10.9362564183511	10.0160326567802	10.7211436450443	10.7645700555608	10.9882456426893	11.1060247987915	10.8718854711577	11.1394347729043	11.111100181662	10.9188341168464	9.8173111822481	10.7465129926489	10.6844273295973	10.7629575536679	11.2509400009375	10.7822728985075	11.1609303742776	11.0841170876982	11.1049285185186	10.7290969585176	11.0140012315899	10.6405627362075	11.1928551500329	10.4107833001488
Fan_IGG	Fan_IGG	Fan C et al. BMC Med Genomics 2011; PMID:21214954	6.14301080021805	7.02705425611915	10.3758024916026	6.03999728902712	3.87016236476858	6.9330515531648	0	1.79870558654563	5.82431761242212	6.93990537994069	4.74218396535517	7.3765937522485	7.73737711767352	11.2060617080166	6.96287950002326	6.28413474336551	4.90871876160719	7.37773072414603	2.93637956383656	9.45026296577906	7.67503159033319	9.39613786230121	6.04373483985808	9.80566352439254	5.38452254941366	3.06553960391215	0.851344676459439	3.3135543802406	6.87978764265896	2.61615516180228	6.60490946900322	6.02975926727486	2.19873777567414	5.74563079227221	8.900018358615	5.99169679423885	6.23250746955945	6.21622838801239	4.65165608672136	3.31092794439952	6.86767571224376	6.67953997667319	7.28215738774907	7.37660153960139	5.4260181951802	1.54509170599094	6.92717894163662	2.87744626201617	6.36281271159713	8.9247737839417	5.00057980219176	6.49352258308015	4.30558180033599	3.49943496821607	4.83799051497243	7.25496343335569	7.16756708700036	1.97027527775965	6.19440642096727	7.15557651234597	4.7666456645392	3.73421238075033	6.67646626083877	8.72738191185762	6.84352649168777	7.8985426945063	4.81202771735702	2.72066990406873	6.38473248067873	6.12880691407596	2.55726863521955	6.93092801642167	6.50882487029364	4.49389254995872	6.23287162971577	4.31441002916085	2.19165974605154	5.12835015394763	5.71027802748131	6.20455284878867	8.3940615198658	7.52408063150871	5.43635247214876	3.36404483747704	9.95415454282353	5.92439530352146	5.0749862382607	3.77087098606102	8.99661992384304	5.84767016498928	5.13541117752473	6.18924795439677	6.55111382164563	8.77711523280989	7.92321879033208	3.73518449049468	5.43399824681455	7.76768021749054	7.29992726020461	2.96433197433041	6.54813861150775	1.81401561130653	7.01906027221687	4.25684830218693	4.60975663653141	5.99456692528045	6.75015760576079	5.55733392728182	8.51588416651173	6.86071702656826	6.18434780245309	6.46192220114211	4.78432859441234	3.07240950445966	1.83121809362118	10.3103035899633	9.796666641207	5.52637851131558	7.20842159447229	5.49667515039931	8.62357005037092	6.66654951738943
GO_BCR_Signaling	GO_BCR_Signaling	Gene Ontology terms 0050853 - GO:0050853; PMID:NA	8.46914672570426	8.86215276808195	10.093885515148	8.40514890588603	6.58487390602432	8.45466315660774	0	2.14294051577307	8.2847612943629	8.55725619640466	8.30830076509422	9.25785698362759	8.63328018801571	10.453108758776	9.13050544664139	7.73311504140544	7.70543865944761	8.59167198022937	8.72114311702303	10.0572107195962	8.54246926931547	9.32183048063311	8.10419933832856	9.92643529559093	8.72171460338799	7.9514402176392	6.0648592122627	8.03984947492384	9.19899698146313	7.58892233264595	8.83410118266759	7.51955207950678	6.6462468944046	8.10595984729119	9.58594314598551	8.66200323117421	8.08196467883322	8.59915975848423	7.94717337939275	8.25214556967859	7.95233262368016	8.89479599317913	7.54137624677857	7.81500631748671	7.93047786617731	5.93796550448988	8.97037460777117	7.99933071882389	8.72818216795002	9.21645162850439	8.21025307027483	9.89947375008559	8.582436072116	6.03194628509565	7.44275827176759	9.04945504835617	7.98412972593255	7.95077037102778	8.47087987852504	8.11164736380331	6.91368034621513	8.88277285869622	9.08948931090343	9.58370344769231	8.96155072797393	9.1698159884811	7.2933980986196	7.66038372953221	8.89410903319835	8.67621551430859	6.0652793658655	8.79643884424466	8.54422317675425	8.17071321266016	8.92665505947182	6.96346557605343	6.32438956362693	7.97434019794794	7.08503037559082	9.14594511436009	9.07028742296843	8.67454295458655	7.51064649595111	7.81067002253757	10.1808420288534	8.58913813108262	8.22428907706969	7.88060390408825	9.72482241238601	8.40550508559352	7.89311917360511	7.12858694255325	8.13702880005769	9.56940015320448	8.18811308058494	6.52904337725062	7.08889565002924	8.36679906958483	9.34007469530352	6.60643814840591	8.1064874259847	8.79500652962996	9.10447107964048	7.74999582698474	7.47595246915719	8.07409056249396	8.38203234587567	7.36830532389161	8.87180506119623	8.8871924976153	9.30644165596376	9.27623386220889	7.73851889632276	6.14877815573169	7.23393320388055	10.4017100871458	9.98158873139084	7.56829383014441	8.79294727444482	7.62689679621186	9.14852315852763	8.70608399331957
GO_TCR_Signaling	GO_TCR_Signaling	Gene Ontology terms 0050852 - GO:0050852; PMID:NA	9.22020365899136	9.95123910651055	11.0215815091321	9.55203106144036	8.53904482684677	9.79405785403884	6.67855395222268	7.17399533013892	9.61031659928438	9.71392655772345	9.50490740385817	10.5865277697141	10.057604940376	11.1191120669484	10.5135665340004	9.59647887808224	9.82386663863872	10.0101340648673	8.76427578494907	10.2636494003377	9.68318013912494	10.1701936500024	9.72563508622781	10.5326645906339	9.60148038908097	9.36183364618413	8.65028303461698	9.13278542488923	10.1161641085889	8.40117629323524	9.8752199311229	9.2128748162697	9.0528946885429	9.6486942874699	10.4408051999203	9.79370184739334	9.57178049726716	9.5976117136522	9.50728308844887	9.70900876985536	9.79062021452879	9.62090409810865	9.50712082767554	9.62393054102631	9.49441734818014	8.71209896343929	9.97123520376972	8.81204361716771	10.390752478608	10.0824693811539	9.70115463470627	10.3255611714519	9.91197743959886	7.55317528433179	9.59824228142408	9.93343528327985	9.25320992807761	8.90507512486643	9.74265660775	9.72832820522585	8.85592935809095	10.1484504801469	10.2609028339305	10.1073198362656	10.4061617370177	10.0210817670975	9.15410912808337	8.94018011375075	10.1567210319762	10.2512962406188	8.24758786561148	10.0449979493945	10.0291526492701	9.81052347147948	10.0658474068175	9.00936398563455	9.23565564874486	9.42764138304065	9.15149411327975	10.1316489246698	9.7169603547501	9.86494184110745	9.6235252145729	9.11302950276352	10.3997276923198	9.62722021027677	9.60684005311437	9.36447346469149	10.612180682195	9.73175529124344	9.73357350103039	9.13783411438398	9.34761625039016	10.0045443618381	10.1276151557305	8.96930197644159	8.9545231133191	9.62414998504685	10.4074565233784	9.02851324195126	9.99660969353772	9.29111794367559	10.4677293403668	9.5254907165523	8.67324291340816	9.68655268372017	10.1573641605762	9.66240378761833	9.64524051631982	10.2105986648982	10.3310771334585	10.4455308649788	9.37140266008351	9.02292009667399	8.81141710323047	10.6458646931946	10.5237435675024	9.34656763395264	10.339273846883	9.34752027135337	10.4319764870158	10.2260744875444
Hugo_FDR_NonResponder	Hugo_FDR_NonResponder	IPRES derrived Hugo/Lo 2016; fdr significant genes from all_nr_siggenes	9.14007442814665	8.3238447499135	9.96057181492571	7.64482553239936	7.4083009354738	7.60831095748674	6.84766352138684	4.14051910110561	8.77071743334448	8.84365290955462	9.631058242456	10.259273916882	9.17334061365645	8.92766534765405	7.38499541215208	8.87458950491866	8.37089431942995	8.658391522661	6.44451134931436	8.19141720856205	9.55266155450499	9.91082885693016	8.72218998051185	9.2791322629283	9.3293672068131	7.53326853026121	9.62771652901647	8.36209567929359	9.76240063673114	8.99028846084489	9.87252358673572	7.64329955102073	7.93827245122091	11.1945640771692	7.86188325789141	8.47973400028845	8.67452001555863	10.2105557249888	8.39015747105733	10.7537083348756	7.52305888308023	9.81150087998789	8.01894601921305	7.51525956735748	9.02138923808209	7.88969386034604	7.11680545013534	8.97421650417927	7.96069500384486	7.58634694947553	9.95770967352539	8.64754119205692	7.58495669277007	2.21709915195473	9.16144605370908	9.10237118777622	6.06826107120379	8.92800155229628	7.84619465100682	8.17956706158197	9.02680009771548	8.90155688972949	8.9118323872668	9.1240498823411	8.82035547454442	8.36932169160182	5.34188145828336	9.46986441386157	8.29719902190339	7.48147610960404	9.26275166574784	9.07501288133096	7.64018482302789	8.46353090609562	10.1315960660949	9.26215845295363	8.12023036014931	10.364610747272	8.94344839376899	8.61752011661868	8.72916563007063	5.36262930068912	9.90233731055286	9.54619334060201	10.2816241489955	10.1186850797458	10.488155026188	8.89839746337628	10.9098909198055	9.4852786225386	9.95510978893962	8.49086998882945	6.75036938636521	6.74119701485369	10.9542158533154	7.94113504730665	9.16833028952047	7.9902244332019	9.72248698408463	7.3312819729412	9.36900979727918	9.70935306505286	9.3982555787649	9.42902045454889	8.771984704439	5.92055598477504	8.98558521451606	9.88307413421115	6.25943429551954	8.00960423077926	11.2034851451478	8.2963550252388	8.47993817626014	3.73803338398218	9.68089561932447	9.7492965271416	8.95376333146504	10.3266499068501	9.39094307298027	7.35362987517564	8.45591804787997	9.71689259021519
Hugo_FDR_Responder	Hugo_FDR_Responder	IPRES derrived Hugo/Lo 2016; fdr significant genes from all_re_siggenes	12.1609080182084	14.3565758330795	6.80630529132854	11.7008535696675	12.2913345058732	15.9778325082827	8.93267043869189	10.1863754809877	15.4746197139621	13.4177028806307	13.8225310094182	13.0857083597401	14.5374265964912	10.2381061810299	13.3538626920826	12.2715550924947	6.37496865503856	13.4123382502903	10.882353652386	12.1042462390254	13.868525423147	11.5342096009225	5.98694560298488	8.330604256847	12.8892039607912	14.0647993520693	5.15298710565637	9.45455884631319	11.8901024124205	13.2966708918654	12.0236266680447	13.4598572895313	7.61876923513468	13.435383329922	5.06938018037375	11.1163197562186	8.60880663106336	12.1466539299331	13.5893989019908	11.2052719573339	3.93269197330565	10.1636798325414	15.2862244474849	7.34000148839753	15.8069760871563	12.7799005363848	13.3246884914667	13.621733864678	13.8421805629478	13.3625897968516	12.8659993234946	12.9681925875556	6.96001049594542	9.03396928747958	15.8135435806002	13.9664153805429	12.469036232086	7.36523579788241	13.1984316954606	12.4751821643421	4.93088531246496	14.4567108745733	7.64846234077959	13.7616320686408	13.8029289356759	10.4490195393522	14.2119924277744	14.0362247843912	8.74625657794375	13.3594079582157	3.05812325043192	14.4848223552742	11.6991809075993	7.85723653518218	7.48787667264531	13.5984408111332	15.5033614665839	9.54820571191815	4.49590888552004	14.9578077115033	9.70207933466563	6.13102615434288	11.0647817448001	12.3185712188761	7.05155052732734	6.74283018788861	14.719969329025	10.6989945655262	8.91584006225449	9.3946718778779	8.01076808195578	14.2750457002024	10.8950674544032	11.7088085133423	11.8011099538077	7.64474270821262	10.736997325391	11.6222871306308	14.6573550975108	13.8649101788899	11.0916639629603	11.6514594510078	9.0045176035527	13.3954090763433	11.1705848672479	6.96925257425603	11.1794226461676	6.16452386922299	13.3106175719302	14.0904836454145	11.9059011184708	14.5574130794638	12.7544053719825	10.6945712413536	14.8004321846822	8.60488646870552	8.97406096643855	13.6005311182014	13.8077377181681	11.1626550126519	11.8577389869913	10.7178693283532
Hugo_IPRES06	Hugo_IPRES06	IPRES derrived Hugo/Lo 2016; IPRES08 minus 2 gene sets they felt weren't similar	7.36339250566746	8.2421423188132	8.98386078959219	8.09446666686589	6.59733078710728	7.75818147860043	6.12768430285848	4.45215337117868	7.95155933559681	8.39389938405045	8.28414294875055	8.97432690231971	8.49006499606534	8.13683039830103	8.32104393676402	8.62283225571961	8.10140980283086	7.92007002535266	6.50093542735026	8.39685027287017	7.87501104489701	8.67191935579017	7.76988678480948	8.49954875202185	8.42376670705904	7.3737473084371	7.47508475253185	7.66792119553994	8.86828533926004	7.43954760381232	8.07339180330473	7.87014348410566	7.89609664441661	7.37123471749883	8.60161467928472	8.07873362057906	7.83921448700665	8.56810900835615	8.21077986537208	8.81252710795867	7.99611248604718	8.43623419392928	7.26929736815117	8.61857247087239	8.27072396363484	7.6073968323593	8.35504362682878	8.04175221832299	8.08278015107133	8.50386417529735	8.33770421825592	8.70964217694091	8.18662271681534	4.80901569602321	7.28009183151392	8.62082137757247	7.44576319019398	7.76094294255344	8.05641290887952	8.09645430291672	7.92614579335802	8.81014457031987	8.17825549306691	8.46115798036892	8.37849353788394	8.33278264664079	7.55029574477562	7.28257866911706	8.62211221710664	8.53627716733837	7.88448996542138	8.66779267329698	8.45424813770836	8.04235080801263	9.21872734527775	7.08179633458859	7.26791750164196	8.52069962157924	8.31454978742636	8.39406012385725	7.6950066929376	7.64720746880927	7.57817441378983	7.58692712354162	8.69931549059535	8.80801051390754	7.39694657187457	7.95015432459103	9.1369126233914	7.96425085440332	7.99938070388257	7.21864778481145	7.57869654565891	7.12853239279929	8.25565326892687	7.02002097415161	6.86456644701282	8.09558139197952	8.82119030690522	7.72929272245699	8.60047948637781	7.37221495861586	9.2137351273273	7.60825866616816	7.35611250251632	7.90668795394064	8.25008333125938	7.86740548274414	7.60711551230673	7.89876437430528	9.30929435467717	8.46163294169197	8.11408963957672	7.33132853872087	7.7820448825907	8.81089457147279	7.98729788472456	7.92025260290256	8.33713134553611	7.63557004413367	8.43458089504211	8.56828224819198
Hugo_IPRES08	Hugo_IPRES08	IPRES derrived Hugo/Lo 2016; original significant sets they found in creating IPRES	7.17254251952341	8.06161531149592	8.703711688222	7.83080178583768	6.08389701282142	7.58305833926583	5.65485699237348	3.59741117309126	7.39482394336002	8.12350852865217	8.08826254359735	8.88209220750427	8.35089586062335	7.82571572746048	8.0088206509122	8.21557063314136	7.82762989563658	7.68963710681548	6.31486364868705	8.30554002291086	7.56608831307461	8.52874893436034	7.67803224204216	8.2710286447499	8.04783688435522	6.90390546077901	7.18737893839069	7.40926109600368	8.74761404294958	7.06061070279451	7.99733501864581	7.46018770847184	7.30036568016385	7.10263617687922	8.4483823590152	7.87427018962564	7.47313060185443	8.71700542824196	7.97183555918869	8.61532503866608	7.71915421036385	8.24055337519737	6.8846737720096	8.47067979338746	7.97087968425579	7.15506241779843	8.02226839652366	7.82564267217607	7.94707355091844	8.00050047609243	7.9969136516526	8.6945527270893	7.92331601685845	4.25105530879531	6.93478231200106	8.4373657627737	7.35540870245315	7.39629921554253	7.99016563989542	7.78227561879634	7.83595342711827	8.8619730823383	7.78413965697223	8.31464449189489	8.22896263623782	8.16263732029356	7.1847113066959	6.62726092875532	8.41737020654295	8.37046630226913	7.67076811142063	8.51958935378169	8.11853960974836	7.60260432591055	9.05850215917476	6.84792358675828	6.95802809674411	8.199783072698	7.88782411529012	8.32299342291849	7.40188241313619	7.15522896268553	7.17021038030851	7.23131935097172	8.72786722768357	8.94020840742617	7.22060035925161	7.80950019388916	9.06492385037276	7.72651956892608	7.73797341068936	6.81326745840081	7.28825848141129	6.91822033936022	7.79235048482166	6.81862499764742	6.62348058960154	8.11104144525718	8.85171104078592	7.65762917709911	8.39164613455265	7.21652541430446	9.04038117147556	7.42373073040165	7.28914656314131	7.51342035660334	8.08203995888925	7.71943729401929	7.16157205527885	7.56018537280702	9.13727634323768	8.33178960061571	7.77266313645799	6.89482255187589	7.34867300744613	8.61219104741655	7.81397557605404	7.80974988328407	8.00604099383041	7.3548600904393	8.23595220790232	8.2528599812214
Hugo_IPRES22	Hugo_IPRES22	IPRES derrived Hugo/Lo 2016; IPRES26 minus 4 they dropped for subsequent analysis	7.36719984558743	8.44472423735192	9.32308794165128	8.18460079911429	6.59117722234898	8.2544764946656	5.16910018005978	4.6876456170351	7.96974849603515	8.16880222761942	8.22629701528646	9.17170054013826	8.61896122732871	8.82438693633522	8.56187095920365	8.33506070011424	8.16983820701468	8.23742295062787	7.17605344664804	8.98244516740414	8.26704958203529	8.78241071077601	8.11697380072609	8.89868926070328	8.58239454486048	7.40505172003707	7.16329914913451	7.77027218163524	8.97562583208818	7.50551014361718	8.40843849330265	7.98037380011603	7.59128509747484	7.73200665715208	9.25512646435176	8.37155296287536	7.93138487145391	8.51216510752323	8.20818918590569	8.89410050177252	8.1772775602042	8.71449796885304	7.46554972416492	8.47067979338746	8.56188098681224	7.40718543046478	8.58030266736417	8.074685157894	8.43161323897938	8.74864615138362	8.31771753753656	8.83043412811353	8.33783977752223	4.87531393555514	7.40026250507651	8.7469001614563	7.74377769619548	7.78852883413501	8.3047729049048	8.26817092804964	8.1158162101646	8.7467542305164	8.51139155826208	8.83700104532086	8.48864228311872	8.5578237396247	7.59072889906771	7.21189242565891	9.01965657079185	8.61942130859241	7.525302390341	8.74763802567791	8.42011996525234	8.21342214891083	9.18480159473382	7.09315637277151	7.10528528680489	8.28531904482115	8.0544415954494	8.62217963271407	8.09178548203406	8.05120189555935	7.48383547647401	7.79126615535454	9.17686813574418	8.52220758298225	7.44162491040988	8.06069593168756	9.34964064358833	8.0705004548628	8.08941508831678	7.51032451436364	7.83052262289059	7.45001068136139	8.54484409416326	7.27575210520872	6.80878545766404	8.31781875240675	8.92152576658468	7.70602708413448	8.46223113107994	7.76102228833557	9.21216371318591	7.65693505704235	7.40870268214951	7.90108130500374	8.35056105063807	7.85777486433167	7.84496094055748	8.28435901862931	9.39591348252035	8.72463670039102	8.02004725686959	7.16011775926898	7.5052983494492	9.14010985233883	8.52732221285716	7.80974988328407	8.53141474265718	7.59612310572234	8.87886407305586	8.84938129241519
Hugo_IPRES26	Hugo_IPRES26	IPRES derrived Hugo/Lo 2016; IPRES gene set; IPRES06 plus similar gene sets	7.48374775617834	8.49863708983508	9.29550037670251	8.25437561741773	6.68845565264443	8.29232163280204	5.53192692107849	4.78024462693081	8.08035345320196	8.2864528887093	8.29870251906855	9.17170054013826	8.64017758194045	8.85099659794444	8.59321491735082	8.39128380080092	8.33768714588715	8.32172850280901	7.24955512948069	9.01498609377478	8.30449262681776	8.79822885317611	8.17922085539725	8.89868926070328	8.60980038738971	7.49290184217774	7.2723845018567	7.84198746120741	8.99356378438108	7.58635356896516	8.43114450005643	8.09541151088975	7.66561185992924	7.79173747669706	9.26564165562649	8.43147166403395	8.00070078584098	8.52434494188051	8.25918396291289	8.954032669902	8.22229517911724	8.76439647825088	7.49854218799523	8.53149616176175	8.59327682147528	7.47180821271103	8.61558200258522	8.14091405934749	8.46263463038052	8.78385768014177	8.42307045665926	8.83043412811353	8.37827652050746	4.99674282548754	7.46400997012085	8.77221340919114	7.79229839887664	7.81175665183625	8.38670599975383	8.3203957121553	8.16737640521895	8.77245469922015	8.55113335717487	8.84279689938486	8.51898549359863	8.6152285415772	7.7101620117877	7.29927790720929	9.03672819816891	8.71382525313064	7.58158468415534	8.79417593396825	8.46268776083564	8.26170200418854	9.22812348564081	7.20174358482151	7.2776240116177	8.34943837117979	8.09401008605371	8.66701472340985	8.24906619195621	8.07911167125136	7.60698801331029	7.85341263505389	9.14730335353794	8.50629904031473	7.49900028330283	8.14125565861104	9.34722489683904	8.11886671941764	8.11534505332043	7.68005419622778	7.92760538286145	7.56741801736243	8.5939021533027	7.33198706619532	6.84692092258523	8.34414836218487	8.97586335088515	7.85654523945337	8.47804037535848	7.8346146946342	9.21530654146869	7.70979376158116	7.49769003635196	7.91229460287753	8.36952797350591	7.93606449992353	7.88962307514348	8.3939655953061	9.39942230423146	8.75915797189702	8.0990429902195	7.27127960308109	7.60869718588992	9.14010985233883	8.53997097434267	7.87920172041133	8.59158557849769	7.69900467585087	8.94183912411561	8.89683514196909
Hugo_NonResponder	Hugo_NonResponder	IPRES derrived Hugo/Lo 2016; all genes up in non-responders from their analysis	5.93852332438357	6.85579042278815	7.78289903624147	6.7645652294801	4.44660151938875	6.18652600868544	0	0	6.18552151869814	6.94565298441149	6.86550980023068	7.94863156170833	6.87242546419541	6.5647903972765	6.78474378026271	7.2204013859237	7.00488136575062	6.39961584853078	4.56533742846205	6.88041732327359	5.99845366956182	7.02843518100742	6.20008022719548	6.89084845900005	6.43565195097029	5.37488423240538	5.86024130214895	5.49135175374843	7.58596578823703	5.52554086478896	6.35862525492685	6.33142510745644	5.64730104918716	5.49467317959222	7.20536385846366	6.23825376099073	6.08285541108601	7.53223647324847	6.9342952579169	7.4791467186819	6.64938218739102	7.32553844959407	4.7844170676083	7.31527477011464	6.50881840948064	5.67847619968789	7.06436147060303	6.35282864377012	6.1129837006593	6.57471404418655	6.89860966700239	7.44342515739156	6.43279093875522	1.83887901039114	5.55579621923398	7.24175438471655	5.10248191887726	5.95404082900314	6.98655425439544	6.34625252166574	7.09227511971793	8.08871406909345	6.25813300602922	6.53846743225234	6.90235540476077	6.86259290963642	5.6801982308616	5.83081009128199	7.42818347397772	6.75190217674801	6.76142228790682	7.51625380851198	6.65085807869389	6.79944111563659	8.35298588174792	5.37694774714652	5.88424468712778	6.8618898435033	6.79227686452041	7.27052226644324	5.52888681969774	5.40771906221836	5.4943853657414	5.92168969478241	7.37308593839215	7.69914037538218	6.26374134459244	6.46484495976878	7.96992481677655	6.54159915987586	6.71724196967392	5.58763383662602	5.97284668050793	5.7063354358477	6.67503617376783	5.73706142040622	5.03168053286879	6.50763651067295	8.10787138220283	6.18460198613241	6.98460031605796	5.13302541863078	8.23485120820099	5.92041875634894	5.94978728478272	5.83091792058325	6.50764305602741	6.20483668226593	5.16669771645412	6.02974841077338	8.51021977050615	7.21001814997344	5.98405619691575	5.46258504652835	5.56092602330152	7.45454960488486	6.54867181170099	6.40386916194162	6.60762660939009	5.97678854235045	6.87217496686028	7.09730523402753
Hugo_Responder	Hugo_Responder	IPRES derrived Hugo/Lo 2016; all genes up in responders from their analysis	7.00711668844091	7.58903272325224	6.02513476315723	7.72006929095738	7.05965041282836	6.9107108608581	5.08414127592042	4.243152631881	7.36234335842542	7.4462402527169	7.14087699837567	7.04346178529064	7.28449526274959	5.6035343875965	7.53642128981266	8.1518915840461	6.52164853916735	7.33132366928357	4.31443895389712	7.77021915591946	6.44546928705737	7.44745027242062	6.43761583995615	5.51257970276407	7.13640454787075	6.71492726091606	5.05168835501395	5.75090611155553	6.91492972684357	6.72795112194923	6.5875325621068	7.58586843016735	7.11988278131583	6.38398658160186	5.5209279146969	7.16201048370705	7.5912414907847	8.09437043173521	8.22880389723205	7.14877461093081	6.40233650331617	6.95146419969351	7.72908817099771	7.00133717584703	6.58026944877559	7.02329116221795	7.76121877510897	7.38566323829601	7.75055773836188	7.1748005048842	7.56157216907201	7.80634623148627	7.3797632455836	5.71551979571825	7.33922172948013	7.45295127409425	6.84092041745712	4.41514699705913	6.9584896729769	7.93110506533374	6.80767602662946	7.09908882379725	7.43014078663319	7.04039817022225	8.28005578867877	6.48786689563598	7.4168188005783	7.0689934235347	4.8989943775008	7.84268632289617	6.76142228790682	7.3616279547708	7.96119367357215	6.58853669864586	6.63918053686306	5.26127599575356	6.68293900018308	6.7396620472856	7.36999409436051	7.23919704714823	7.44154246537982	6.13102615434288	7.40024077332937	6.40948860148996	6.22486361813431	7.43389477144993	7.15069459591843	8.05656907822348	6.22883880662935	7.27395187072718	6.38210742055856	6.59635918173188	7.53008434807991	5.37264802925276	6.59706123239985	7.71690178020108	6.80878545766404	6.4662943497793	7.16438508016766	6.91172735013626	7.12516491290596	6.52213566326572	6.44249344695735	6.82177728471344	5.55292867308144	7.0661099318281	7.64172743634173	7.40337697499666	6.86619894777649	7.45427127692832	6.32605803074663	7.62262474336767	8.1143352749365	7.06435987677343	7.93068207777007	6.94871348670628	6.48964631620352	6.80171477815367	7.68090261617194	8.17944948425957	7.5098472626966	6.59357081902761
IglesiaVincent_BCell	IglesiaVincent_BCell	Iglesia MD et al. Clinical Cancer Research 2014; PMID:24916698	4.68438144468892	4.23445410888979	6.79764944004621	4.80461571205507	0	4.17210265598807	0	0	2.41498283285158	5.66986534524473	1.92698330395789	3.9579851845484	5.60070809394495	8.4822866595818	5.27740012974843	2.87570085635091	1.87582312308854	4.9460055311048	0	8.17107437109544	5.33458714152631	6.98015147717981	4.76255376260851	7.69998611794905	3.74853596703525	0	0	1.02295670877368	3.20534844636427	0	1.66233502785202	2.70478630265027	0	2.74823670650123	7.08129486063852	2.13290729703033	4.06342356242909	5.45214272497521	1.04547511812476	2.43611356309763	4.48581406178182	4.31893575833651	4.54784835620059	6.38883741593304	3.27487234717198	0	3.74034878807885	0	3.55466335936891	6.59306138394831	2.2680731934451	3.6562458688692	3.71326691733744	3.64752813074562	2.60955088677407	3.74118325667421	5.44038972986245	0	4.21827902726048	5.50700043689771	2.58458840872704	1.91620103388069	4.35258165117987	5.38941850888081	4.71851171088577	7.39880195131459	2.6447662792016	0.950068743158998	4.07830553449842	2.08536000593692	0	4.48124263647973	2.35122061713564	1.62347119103011	4.14003090246477	1.85959820293344	0	2.33874062470986	2.33431846661998	3.60726900547067	8.0373175610463	4.04033517015032	3.15180925245017	0	8.36148845957412	4.40229844266188	2.83155672428671	2.30898877897456	8.51002088850026	2.68294241206715	2.44056403033919	2.28145774678595	5.02422001554432	7.58199028956724	5.80048349377207	1.3145317323178	2.94866437210989	3.21224217899437	4.17908791963291	0	1.5572894653434	1.81401561130653	3.89669449219476	1.96580419063524	0	2.57036745117926	3.36935722072158	2.44795654701402	6.71957780311903	2.95403994417624	3.70409708570011	3.15773864502697	3.28769696781958	0	1.02745246962271	9.03922929466479	8.13449081493904	2.5461864309177	3.39445368088037	4.36480061057424	5.92038439986707	3.84674384881321
IglesiaVincent_CD68	IglesiaVincent_CD68	Iglesia MD et al. Clinical Cancer Research 2014; PMID:24916698	7.44113527571103	8.13152972888317	10.0614940397891	8.52605696646992	5.98204733261161	8.90901637933005	5.53192692107849	5.44981443566152	8.36889061240706	6.34038206012412	6.89977415723507	10.2237531744089	8.86933679289875	9.20464214949198	9.46008696741391	6.39955496189675	7.32993737394884	9.41131860334235	8.29427689654289	9.82612065084616	8.49614694470889	8.23826646525751	9.0358103073516	9.8086649149206	9.67622206045464	7.96856677387196	4.82487879144069	8.21043595946687	9.21672706196784	7.33881018212076	9.31085264593028	7.64039028652484	6.68574675722853	9.05983042944858	10.5019972735735	9.64199462913203	8.5143760154637	6.5519989511688	7.70382724007871	9.31554007899862	7.72098155429134	8.58767330202467	7.81887382052969	7.25523648540039	8.08079599188479	6.35527943644997	9.9390763417205	7.71404611143155	9.18290672702321	9.83143791751266	7.73787731505252	8.6057692983851	8.76996838246951	2.62167427907768	6.44391389272297	8.6681812234955	7.90249394653299	7.02443889477305	8.24141327284161	8.83145120379228	6.92293171774707	7.77575326357725	9.26141202307629	10.0596666737038	8.48352245034658	7.81749737134759	7.75763468929184	6.46931104502677	10.2879750420258	9.6507804727851	5.4104206300808	8.30870945893135	7.56771015674803	8.63599208842055	8.92006592421406	7.44204833925851	7.49047532282293	7.36216736336571	7.7591120353846	9.5849596841223	7.97951494812207	10.0376654886396	8.41738784706193	8.48391432921303	10.6835285861632	7.83273739764491	6.69059356137292	8.85486838326024	9.9756233634596	8.76085336390179	8.52908449571982	7.6064238165912	7.35960104858737	7.95987698960168	9.33499553539553	7.11414338086329	6.38513043145534	8.36036364533405	8.7853840093102	7.78324824028003	8.03704095626335	7.32274757519391	9.877872745991	7.83137556001052	7.04528002361772	8.59369992648956	7.67767732106273	7.81628242678328	7.71862571391987	9.8759851109431	9.15848662021547	9.4266999614063	8.43064776906866	6.27261360027494	7.26348494359562	9.61398959695738	8.31695019698836	6.72950262760413	8.28645537070404	7.88871422681446	9.27545966234423	9.81252226465276
IglesiaVincent_CD8	IglesiaVincent_CD8	Iglesia MD et al. Clinical Cancer Research 2014; PMID:24916698	5.7539078046433	6.68637394976833	10.3200085904248	5.61639065526301	5.07833554747499	6.31711891146934	0	0	5.48205383281161	7.6831405930097	5.02366186162038	7.1986879065986	7.96147806737702	11.1318801578695	7.49830789756292	6.68094707499574	4.37958752323094	7.20383266311789	0	8.51342393460826	6.71183551458252	7.78171071117837	6.24168711069009	9.16028655921588	6.72835823302528	3.74577650323491	0	5.83239709804875	6.66235787590571	3.81444275332467	6.08644010227728	5.58058096672111	3.48473364256942	4.62601914369572	8.23881260097087	7.89494090860474	5.82859067765192	4.74343424527098	5.2163603278451	4.15578123429152	6.8602640979782	6.56744828012532	6.41730068316379	6.47293384362598	5.66915510972328	1.73674140365874	7.08765481982014	4.28315556239817	6.97996269039509	7.42951389049003	6.22479949263401	8.38726055658717	4.46084176734557	2.62167427907768	4.91933545898967	7.8047971099604	7.17687088054192	0	6.58917075162808	6.0667072234706	4.93084859098669	6.83205912346014	6.55344657954847	7.94620145205273	7.28762406981029	7.57630013119054	3.72892209353138	3.23076903540505	6.91586399798007	7.44874616908029	2.55726863521955	7.13499594506814	6.62112546091293	5.26740875331622	7.10195517028524	3.81874648875277	2.35360352839924	4.44593521536916	5.463579452473	6.776414232073	7.79280629563255	7.99371815746739	4.88496060732471	4.00009265144384	8.44017076635606	5.87654788623867	6.785907494065	5.40372218605101	8.37107496029368	6.00307237480924	5.28437132921081	5.78553302878674	6.07812020798125	8.31156779129022	7.4720484573397	3.73518449049468	5.21085779021383	6.42987949734931	7.70945267830906	3.50245162305097	6.56851641311697	6.69031550086738	6.36541218938653	5.97634637306244	4.80874681318428	6.41826735760626	7.48820948866912	5.29320173243312	7.75126172734506	7.0108497641289	6.80633793419565	7.4256367425633	5.28480737071729	2.18044896131477	3.3709725203804	9.91649906659105	8.92661509172868	5.09569765240242	7.30910082999586	5.12800507767283	8.3099695423225	6.78780099116824
IglesiaVincent_MacTh1	IglesiaVincent_MacTh1	Iglesia MD et al. Clinical Cancer Research 2014; PMID:24916698	7.86309073284265	8.86215276808195	11.7710495546433	8.8071308409099	6.57854292881874	9.01693713920262	0	5.33238759629493	8.41183097485205	8.73336438413606	8.08826254359735	10.702704140383	9.61532310450314	11.6537830148396	9.71401582213858	8.17342996965191	7.88713730699091	9.43753599669684	8.70555533395756	10.2518010119398	9.15903353924985	9.50768127216688	8.32400973718556	10.6713353435994	9.5281138284207	7.43493343796685	5.84027998120903	9.34466321048625	9.73596920344752	7.55128934646759	9.44173565965511	7.87064420131158	6.73678525236596	9.07738953999331	10.6449359376627	9.31643477762797	8.49068011127326	8.21446014603053	7.934672959478	8.92719844635336	8.593608631829	9.34896385095401	8.49998162134552	8.04702781248014	8.5794056554437	5.92779205939243	9.7363280300242	7.35808575595631	9.38669764883439	10.3812324062244	8.18526005065655	9.99537641218027	8.59229436571298	4.43419830390946	7.42841453958333	9.45956823857259	8.97918157119283	8.21747828272473	8.86149153228914	9.0053935404862	7.52536385353327	9.13394057599247	9.55266823374114	10.4081884734759	9.56748829577569	9.12863990251235	7.40940674038663	6.96522217860146	9.95530273424308	9.50987253226651	6.21507365084189	9.31063621185676	8.68389214196291	8.73152526749909	9.71286282026222	7.09316764942073	6.90951857102432	7.65383878374834	7.55713079132677	9.5927269351473	9.13016977048013	10.0305361134998	8.2364333748376	7.82027735313329	11.0005655658977	8.53270444133562	8.45205952682483	7.76155123244448	10.2585123925541	8.44819375835648	8.08132143635281	7.13665690127539	8.48211071622637	9.9807593209495	9.79097176925127	6.76517300256805	7.04035143505531	9.07933705626803	9.72760500529543	7.48346410357239	8.4027350277291	9.65788680737271	9.77837686028381	7.77737518660357	7.04528002361772	8.67930143104034	8.97177734083476	7.81628242678328	9.72584872168812	9.71029522153548	9.9032643303409	10.2275494340916	7.78226450420264	6.32441440990913	6.92431304192834	11.0271937095241	10.2688855666815	7.76458378965047	9.09096036981144	8.20945917487796	9.90824017577169	10.0620760368705
IglesiaVincent_TCell	IglesiaVincent_TCell	Iglesia MD et al. Clinical Cancer Research 2014; PMID:24916698	5.77693550779488	6.68637394976833	10.1911960956629	5.61639065526301	5.07833554747499	6.33171673123756	0	0	5.48205383281161	7.500381618069	5.02366186162038	7.1986879065986	7.86636984089494	11.0894883745078	7.49830789756292	6.58777250335865	4.63895886937309	7.22586805763733	3.09737128046128	8.51342393460826	6.57368128247821	7.78171071117837	5.91560515330265	9.12225615960963	6.67003135766139	3.74577650323491	0	5.95875234630799	6.66235787590571	3.71892523110206	6.25269613292216	5.58058096672111	3.48473364256942	4.96480329576368	8.17618668922339	7.76622601976364	5.82859067765192	4.9501110260786	5.2163603278451	4.23847506348128	6.79556005333044	6.59648593486325	6.41730068316379	6.38257295564724	5.80646218361146	2.68778541458491	6.88090305887237	4.28315556239817	7.37185631236593	7.44059007056045	6.20004688598463	8.33823583169619	4.54440513325762	1.83887901039114	4.91933545898967	7.76408458853192	7.3161250397243	0	6.29861050541916	6.20412648557998	5.10374501198855	6.89190096689723	6.51613374301994	7.94620145205273	7.28762406981029	7.41603774435654	3.82118566479465	3.36732173370487	6.91586399798007	7.26607057722749	2.55726863521955	7.13499594506814	6.72267399349211	5.26740875331622	7.10195517028524	4.17598440805826	2.35360352839924	4.62239463116425	5.37264802925276	6.776414232073	7.79280629563255	7.86067424268474	4.88496060732471	4.18991797181792	8.4540365246591	5.87654788623867	6.785907494065	5.49185309632968	8.37107496029368	5.9565162704266	5.31394424984532	5.61119248974146	6.07812020798125	8.28688463403666	7.30532246957902	3.9420167589625	5.15699028248259	6.5364774683238	7.70945267830906	3.64166812784605	6.56851641311697	6.84092094169093	6.36541218938653	5.97634637306244	4.66245187203024	6.46975756119956	7.45899100657752	5.29320173243312	7.61603947620916	7.28898222395746	6.83823396730591	7.4256367425633	5.29828745670602	2.73394291217136	3.3709725203804	9.9061375104333	8.97406455703196	5.12458370412522	7.29106863529592	5.02614585243305	8.361140120567	6.78780099116824
KardosChai_EMT_DOWN	KardosChai_EMT_DOWN	Kardos J and Chai S et al. JCI insights 2016; PMID:27699256	2.96234045644236	5.37393163103847	5.29377640070859	4.31870570026382	2.0371412927553	3.8327980017907	0	0	3.91040170342353	6.73629241248686	6.75509121992522	5.17155598591683	6.73597890831771	4.29020049388683	3.75672103517072	7.96343825525868	3.76941784769123	4.00674249024587	0	7.23214627549333	5.59032692041452	7.00319553656346	2.82651803583594	3.899613225393	5.37181755158772	3.01690505661741	2.5422804566769	1.59665981057768	7.50136833255503	3.98604239621718	3.33999444072231	3.2888318552706	3.53291888698943	3.03413884592217	5.22175495419203	5.24711681356274	5.16074988545341	7.64701432111057	8.14847195723694	5.53735824737014	3.40240765601353	6.49982768877157	4.7073343509255	4.58505051602326	5.355902851583	4.2088315829797	5.03146399375692	4.47285757965486	6.58005790589484	4.84689075716488	6.9302027510183	8.02228655479556	3.93791882363208	0	3.48484611929382	7.05417636439401	6.92548165123938	3.72530096072312	7.3181264447032	4.95246964210492	4.46534780919944	9.0335906164375	4.46767503653233	4.72309878913739	7.38959356690457	4.76763491049291	3.63035247957683	3.60686580008508	4.94792882635277	4.49490084328764	2.80769594282573	7.82924750667211	7.11422197430858	3.47261952443911	4.95026648311464	3.21660654125344	3.5582863754184	4.56132940937594	4.20719900597396	6.73760790444239	4.77160249658294	4.19408255556738	3.9342269598486	1.85029112993725	5.63005398814443	5.24857048639811	3.5338120714008	6.9188632372746	5.15335261438548	4.45268658450986	4.70226533892801	3.00469412183942	3.42031629959416	0	4.14384648890104	4.02388412409567	4.05430995467676	6.36834444193889	8.61042351284011	6.66195690069946	6.68180746819524	5.13302541863078	5.71124652632771	2.67385020521304	3.07130248829983	3.6065464583842	5.68773312310509	3.80965746892288	0.88480940574248	3.97724785741544	5.50625275765877	5.4872424065134	3.96432479783351	4.26716036084738	4.71318607478665	5.65158201484696	4.63377653559089	5.39692663893051	6.92609691141674	2.77750444851158	7.03835702909418	4.47671233217891
KardosChai_EMT_UP	KardosChai_EMT_UP	Kardos J and Chai S et al. JCI insights 2016; PMID:27699256	7.77283274497094	8.41177355964882	8.29506706514304	7.78797577431519	6.82589600892632	8.29641995493619	6.7780154164068	4.70372012678434	7.79404008975711	8.06478064944992	8.00414492339293	8.66368784714318	8.3977246201641	7.4818997426568	8.31240251302337	8.09411629438621	9.63285550701747	8.57617754619967	6.26608921152439	8.16968157857795	7.56395050625068	8.30757062600507	7.79222613731111	8.31057041365958	8.12679051468783	7.27608190898208	8.01838023701239	7.15845658955661	8.90554561085858	7.51433688461785	7.86137344911635	7.75093934478215	7.7449080913886	7.59787424099289	8.83414067588078	7.698202079727	8.48715481663355	8.79407246507089	7.79626050112176	8.37944912885082	9.17134280695464	8.78433869497359	8.06356173760351	9.05858206400796	8.19738960842134	7.88163925790612	8.12380014161783	8.6488060572609	7.83898222769633	8.54556194836974	7.86908961538606	8.78215060885239	8.40007464427386	6.2180537329568	7.72680688167375	8.2597936383557	7.44289091913532	7.91803272711444	8.28448221280502	8.7077573295436	9.12421150513872	8.57403659283735	7.7153665107665	8.69576176692136	8.80980851915673	7.69308055142762	8.11286491386134	7.06886441596385	8.64021235253882	9.1972481693915	8.01401364369654	8.55370127845891	8.2202746775749	8.28546008517887	9.22182648609693	6.92457990863571	7.15136150216214	8.3201991495411	8.38028598819842	8.44758156470009	7.73073001546795	7.67164991772796	7.52313467056123	7.31854491318084	8.24019685700133	8.8261141258178	7.71419454834864	8.22377212873116	9.31943794896222	8.08409644155944	7.76231603919963	8.11806191144975	8.020535698578	6.80951436330594	8.44809099891581	8.1840278862368	7.38226231111262	8.03181998248235	8.67125809223113	7.33131679791654	8.82100170590482	7.21652541430446	9.03951258351921	7.78018474216137	8.40667929367271	8.07242338781727	8.2114042910678	8.36714167584779	7.29886025288999	8.21333131036415	9.4321241122881	8.88154500461872	7.96302273826403	7.98719388433473	7.93775051613812	8.18041824525367	8.34579532820995	8.4450878955332	7.73748035380454	7.65391007001999	8.09969778931884	8.24319920708274
KardosChai_ImSuppress	KardosChai_ImSuppress	Kardos J and Chai S et al. JCI insights 2016; PMID:27699256	6.1564041553515	6.33274473540477	9.37296310925228	5.27220032438658	4.64147031880054	7.0760433855001	0	0	6.06966011992264	7.04614262809316	5.0544062508266	6.84992435595943	6.96034271275725	9.4207762977722	7.96157652445941	6.28550112504546	6.10109101164138	6.26772198896297	5.06617056670314	8.36143771291477	7.10810938508485	7.26596860193368	5.82507749696456	8.49956781293138	5.97656940042612	4.98831821532162	3.51782528505564	6.91004742397247	7.05818055306955	0.92699142002234	6.45732109251488	5.54295853984165	4.53871241355862	3.97323309043722	8.63067051161145	7.35339578321714	5.183315359782	4.43490846308479	5.97073099140504	6.20075553059255	7.04979520080158	7.0666279649177	6.70794208856304	5.24716737088952	6.51619134033736	4.23916260980787	7.46500671946869	5.07543328631058	7.44746320625396	7.72958968921198	6.04188900492299	7.74035353294023	6.29493008898508	0	6.42959610627048	7.3889364651528	7.03890237777176	0	6.57018570672866	5.93751109618832	5.13592541845625	6.9380695787218	7.33156053922832	8.30208003382436	7.2934870057028	6.33074889110823	6.2031924892332	3.36732173370487	8.37324373934411	7.26607057722749	3.05812325043192	6.33060246700074	7.01351731975673	6.04294294259298	6.87548540717923	5.9251978240926	3.20507737911323	5.47510978591876	4.49590888552004	6.50067870133862	7.05506675423837	7.48295247164506	5.3681484744785	3.78145135425757	7.22330594306153	5.66371306330559	5.88754918261991	5.15650448567999	7.90423805847485	6.13435276074283	5.37141583839488	5.41282378022315	5.97288308324462	6.67353051963535	6.91278697720741	4.03528107465252	5.26819248447944	6.6983100558374	7.26852232552384	5.51652326080925	5.57386207322798	8.31823466224346	6.86675767255094	6.06832035690696	4.49963044692139	6.05002176252154	5.80001205321974	4.79853220244678	7.59820948913688	7.20209583782726	7.68179452665946	7.68285885925624	5.36370736517153	3.85051888014103	3.85792933469604	8.55648333595942	7.8690773112326	4.7327150092338	7.58054995874045	4.88779247198842	8.39153873034278	7.44723867829064
LIexpression_Score	LIexpression_Score	Thorsson V et al. Immunity 2018; PMID: 29628290	7.37444736609876	8.10993045124711	11.3134466289516	6.36452712562532	4.9576773345742	8.1647946278001	0	1.07147025788654	6.3042259250283	8.32697150967483	6.04253205105805	8.27143657839143	8.83546782323134	12.1490726925768	8.80851721757601	7.11122425841692	5.13361322073599	7.87811424564399	3.77338949982519	9.89184545063791	7.53075596654507	9.17749855665513	7.28090365280216	10.5465376375226	7.49166581804872	3.49967183376977	0.42567233822972	6.59530271950673	7.6672966072598	4.4527703863309	6.57283164047768	6.89554924678002	4.35490742538652	5.6525447367473	9.36508568752201	8.01908192500787	6.87652014928499	5.51932496340936	5.13303310198026	4.12638134446709	7.54547499506104	7.61211604689837	6.91909458222512	7.42931605678627	5.83563154486975	3.25605299174123	7.41083533537284	5.00293484587009	7.65877210175814	8.86502849158322	5.46733799634961	8.31753006783976	5.73078487705653	3.14417958517002	6.02110651790306	7.823198615262	8.63311183095191	4.47531725745291	7.23665981081881	7.87194816311352	5.98748802658638	6.29702652775591	7.51524483714958	8.9232268018178	8.27468482688532	8.91078547818053	4.40067283170455	2.93085007667179	7.38926976968347	8.13560965691131	3.24365840899803	8.27031409383361	7.17045971192829	5.39131418874971	8.13777856882652	4.84137873773961	2.35360352839924	5.48963988988996	6.60012671785265	7.32641302370144	9.39314643063403	7.80294328688671	5.75074391605079	5.79021690249534	10.3250168281736	7.04751794058396	7.80958634676374	5.99417054534602	9.89141428040412	7.08952372604531	5.5036919375217	7.06212483714479	7.51140191648775	9.65487205007604	8.18253601132878	4.10434498807371	7.07644477672252	7.03954583061358	8.09796538640672	4.87492338302157	6.80707749565892	7.99494646005605	7.6419809836498	6.16880041270682	5.81765386175347	7.08643890381618	7.13028348851669	6.21403141530103	9.22517127363183	8.1775564325446	7.76110804309134	8.1106903326022	6.37170355460693	3.504896598216	3.66434618440514	10.9239445380906	10.2600066056706	6.28048376528092	8.23311746520002	6.05874971663192	9.22492123844564	7.28021970096621
MHC_Class_I	MHC_Class_I	No description available.	9.84949959105202	9.26544714070028	13.8525540189995	10.1063119550325	10.3148696868313	12.6650041865598	9.00955794233534	10.0581665552866	10.7767708307661	12.6264762282393	10.846746575545	7.40736716918152	8.96866961635992	13.2873682835555	13.9337830869671	12.3353470619671	10.4116384977928	12.1585914212942	8.58862399606453	10.7467726834316	11.6736155897449	11.6170871389176	8.69382387883979	12.3386262687566	10.641591216407	7.57570816479435	6.64262005905325	8.66065796978187	11.823777620352	7.8786014707123	11.2051291746639	7.04114083637845	9.71220438082721	7.92528777468288	12.3705971825695	10.2512847006436	5.43971710430953	10.9073008910661	9.20760820912182	9.72613576812913	9.74012118098414	10.1160125895764	11.1727553426957	10.9081277162139	8.83570035802839	10.0605270846124	13.0889249637897	8.35795349685472	10.290487910964	13.5057440824272	9.05056525140686	8.17296135856308	11.4349487556975	11.346565137128	10.849587764578	11.8275602837353	10.2213633436231	7.386018880092	7.62995049282536	9.34592406075673	8.07485311957678	13.3893307884447	12.6861338072766	10.7759916299789	12.5954931557602	7.67622827609155	8.67615564564108	8.68322088062185	10.2148468023305	13.31150201969	8.50206915880997	8.57831197926118	10.9107166082865	13.4411824873981	9.34833195285709	7.34120732971435	6.79401360382616	9.06099854853128	11.7923107074598	9.45292958997709	11.2541694172451	10.4404550196867	7.56369596751728	7.1033859176826	9.90612722840462	10.6492104962475	12.4527382352572	9.239200709023	9.29254258337917	8.31152368827364	8.15268635508524	8.89207901000132	11.2758959715112	9.3897632261112	11.4489429911399	7.78448162916235	9.18135001947722	12.2678867177969	10.1510238050791	7.85628079033006	10.9477041299574	9.8654520985568	10.0354604705491	8.11441580004597	6.83937404773495	10.619336118219	9.29313022155874	11.6343315393848	12.8032864702109	12.5220477391385	10.6368598421893	13.7682292241371	9.65664005142276	8.08921343084621	7.5052983494492	12.6496830806139	10.6488138151449	8.61879477640738	12.1564049550706	11.301634487426	12.7971525577087	9.429422991099
MHC_Class_II	MHC_Class_II	No description available.	2.98156650706795	4.83686174749127	7.75443882252323	2.6995498031876	0	3.4381115551745	0	0	3.5420916037834	5.57770574789075	2.56182386199921	7.21002909802651	6.12839790808473	5.9953249990553	9.15396991726858	4.46983960045101	3.18584150160209	6.59737053012506	2.44441102528066	4.46402919997137	5.10805859204554	4.233663951461	3.74137010920623	6.04603592286576	4.80805660195984	4.72036722674775	1.92331588346217	0.628752934519385	5.34432192585992	1.95201353574546	2.60921348634399	4.10146121572422	1.51487201057359	3.26721371261272	5.82911312777121	5.75615342080141	1.78888533479651	4.58070659062763	3.8564911852019	1.85949722757495	2.31382063042975	4.25764193743462	4.17129489573713	6.35768834036124	0.745893972670219	1.55959336806422	4.64712312999636	2.87744626201617	6.95512829337617	6.83506779398889	5.51197392400918	5.96686410770499	2.69198085594681	0.91943950519557	3.81064691372327	3.7420572295229	0	7.60017780825526	3.18603135796407	4.21532851171474	1.68198277098586	5.11140002504188	6.77638917198188	6.48035049367856	6.39903232555561	2.4795877140121	2.82285713828258	2.77645038734838	6.33635219363305	6.38310507068059	0	5.59960656669439	5.36571007740112	5.60609137395238	4.80627557816347	1.85959820293344	0.509939247216645	3.46703505694134	5.06496533996672	4.22979312555278	6.3543669333131	4.79477265220662	4.86416566150011	2.24800553610765	5.10322473875575	3.46630249247669	2.59424282342594	4.54740539984391	7.97628891367869	4.24523552262973	4.15453101853874	3.13420193364805	5.40128270612066	7.518429410309	6.98506780649699	2.76097484795953	2.99274630959894	5.55598415919059	6.75253521732	0	6.27654273055221	1.81401561130653	6.57061072577513	4.5006677986259	1.59357570777646	2.95183740452111	4.80904801085461	4.59213467786347	5.98028247704582	4.79891741316892	4.47494738163018	7.5364693199266	2.98749648208531	2.34365480727257	2.79585434358844	5.00552048476852	4.25770847327536	2.13875049249258	5.79883598301406	4.95094875484209	8.9505456526437	4.43543408225981
Module3_IFN_Score	Module3_IFN_Score	Thorsson V et al. Immunity 2018; PMID: 29628290	8.54668296017542	9.75419777879003	10.2563290128872	8.26530560481286	7.82575359583158	9.24502387088521	5.90526895204019	9.97941267364093	9.35388034222019	10.2970265559721	10.2679298545679	10.0778487674817	8.82186068227829	10.309724186843	9.75162722589134	9.51554783529327	7.39849520440196	9.06791295972939	8.61733645279067	9.51376220273305	9.74253473936415	10.3900479956803	9.9860074673812	12.0328479880366	9.45709778740629	10.4014966404619	9.32763387643495	9.59867454301892	10.0592245086359	8.08015684801288	10.0826967481697	8.14088168898261	9.21529319668836	8.24553443791499	10.3347643111033	9.63945206823646	9.16088034444441	8.67114017107602	11.1253311790179	8.55321911708654	8.14638541387162	9.09078477260207	9.1063494546764	8.40440483335932	8.42093440738868	8.67409078421479	9.23360648189658	8.4460232541155	9.19100936912825	9.54821977087057	9.9577973583603	9.85076307177223	9.8714326612326	5.91224808933893	10.0118182385394	10.5697007532417	9.27815797992412	9.13167542463355	9.45714608529158	9.74548968042589	7.89250545247533	10.4595319785851	9.47441390518348	9.83829109383415	11.8236096322448	7.5090972915429	9.19777064232306	8.5522365237879	10.4386307807265	11.2200332272336	8.32845896703536	9.91414486070904	10.0300813118743	10.9828847857277	9.72234961729145	8.28596823905697	7.32214348273801	8.65883237246958	8.67315533145026	9.50483572382544	9.54437482396649	9.22332291382624	8.62441448025173	7.24917217983978	9.93292871453477	9.09620320035214	9.22825109909884	8.30583181861172	9.31024563839977	8.75915002837512	8.89571189696833	7.62046341291541	9.6275298956927	9.55059030071065	10.0332634172225	7.56941251076866	9.02796019392371	9.6548140434317	10.2354300211626	6.93898198922214	9.51020018553996	8.60007803467455	9.40953070634129	8.88655439935835	7.06721529894416	8.73504021677478	10.1543747778654	8.14291652444723	9.61974861310235	9.54051268128956	10.5424206184256	10.2330160753148	10.5095504278645	7.7996968169517	8.80049805365201	11.1242531249136	10.3587233953135	7.80762335988583	9.75408187275494	7.61476483612541	10.573895660712	10.2078474763542
Palmer_BCell	Palmer_BCell	Palmer C et al. BMC Genomics 2006; PMID:16704732	8.6452826593813	9.23599157972522	9.79216436931533	9.03568828117378	7.92795093900362	9.21909189136439	6.78206119037844	6.43321539701187	8.98119133206033	9.18843416693873	8.84964217253643	10.0254474035542	9.46332401843857	9.92150707632935	9.66937837625024	9.21573413235961	8.88199908712808	9.3870662063879	8.55712718611934	9.88405601495814	9.04645605685936	9.55266997177061	8.8672352546583	9.77536144948052	9.17923312169895	8.69844403454301	7.93467138116163	8.61276855172389	9.43040696528301	8.20592371500678	9.0647624195761	9.04305417265556	8.32942473609957	8.93293842248632	9.80793496832948	9.05078836994034	8.9818365207238	9.33232760532903	9.11453338968905	9.01338652376153	8.93746598828516	9.37712709667466	8.95846579514283	8.9972235369038	8.85309702116155	8.49286579909217	9.45643863829053	8.57144748432479	9.26878335987517	9.70037233324263	9.20704537720152	9.32147511058483	9.15621534662079	7.15737298266668	8.89755421648998	9.08294501340652	8.73048206031498	8.24047925226731	8.85642552862553	9.35638773177068	8.40730847184233	9.13394057599247	9.37909176416171	9.75014819532672	9.71675833871488	9.28117722166626	8.77751393745331	8.47982277650447	9.40749313047385	9.34545813799694	8.06222316939381	9.50003958097327	9.37186041496692	9.13156057813756	9.52589800195539	8.46864353643976	8.26817565406137	9.04301207358472	8.83029096664176	9.3503677979312	9.47884302490921	9.07644179343664	8.84895863169152	8.4014858137011	9.94223718894592	9.03255222631762	8.79909979666704	8.80413102118332	10.0490638647658	8.97159293827756	8.84263149992958	8.75987483942415	8.98905933865545	8.88065615537093	9.34218949419158	8.27588935814649	8.5444713693046	9.00289685781669	9.52665396221505	8.34325584472573	9.18155528369029	8.51035959205508	9.77305630471462	8.70633825637616	8.06186375127243	9.09782985042301	9.22552619276182	9.09415397306238	9.16008403626563	9.43349357236427	9.60878031070594	9.77766608636185	8.68737222525046	8.46880564921404	8.57466523911299	10.0230968718689	9.80108589798729	8.86974836647286	9.55385427707377	8.90910638478985	9.70759574452514	9.57524434383526
Palmer_CD8	Palmer_CD8	Palmer C et al. BMC Genomics 2006; PMID:16704732	6.47225116446269	7.10402831550548	10.2682328455333	6.49034025133214	5.87245750086158	6.78890896644105	0	0	6.3601634563912	7.58770084190646	5.85181139594266	7.5838409394923	8.33346232069906	9.81200138152146	7.60860450057114	6.96652472950494	5.46096597126714	7.86142846520596	0	8.13837026756747	6.99606625490071	7.52662355383369	6.18197790653943	8.86166401287479	7.12559391313542	4.43863781572874	2.07612361471122	6.02957329713424	7.87658833000634	4.84231493145993	7.37888356865311	5.75544567436399	4.41881330696232	5.38714445193279	7.80966418754523	8.08682813422159	6.39903820503221	4.90115079516596	6.8961398922271	4.97701502101702	7.10648244617924	7.7951062715174	7.15673408476649	6.47293384362598	5.97374276238006	3.47363973387862	8.13191431535079	5.09783757289588	7.14682774539723	7.09291153257845	6.36500896335228	7.89390772875376	5.36009247975514	0	5.0640125503566	8.40381174895862	6.9390012584001	5.67917870788156	6.53679622658513	6.81784354432304	5.57237768456676	6.83205912346014	7.02786537105439	8.33121906277735	7.79707394121733	7.30072771121384	5.06174685756294	4.80874422004623	7.31172376606475	8.36320202024119	3.72408346670176	7.32150335516983	7.28300776732128	5.68664251289691	7.49675132862491	4.41125437937477	3.84405680559772	4.77960402998616	5.88145618865798	6.97015150866761	7.16181580147712	7.89248121093547	5.11208324468454	5.08755876263643	8.48812886286081	6.30189942207664	7.03904286058149	6.09451759878429	7.91009014374307	6.6847875284326	6.05400951297647	5.97749532661232	6.48780932042033	8.17696948400951	7.36306533070367	4.94320745194002	6.47102825772157	6.95902717490603	7.32113398101607	4.71470291774524	7.22846888197915	6.84092094169093	6.35405652973126	6.03188446959848	6.45098828458022	6.7863972194836	7.63651185641111	5.73553653673529	7.8297609364879	7.55480061392364	6.80633793419565	8.15876743799125	5.71906475117265	4.16656607463181	3.85792933469604	9.28202620799889	8.81076645247728	5.39436583675642	7.89501277668624	6.16827616596554	8.72858784659667	7.14070899563602
Palmer_TCell	Palmer_TCell	Palmer C et al. BMC Genomics 2006; PMID:16704732	8.14976055401148	8.5147780654025	9.9020534714711	8.5148494148894	7.77599562136983	8.43546193147206	5.31769849024784	5.83976562687982	8.25557945631085	8.96914765446728	8.5186085396491	9.05080097899559	9.23341769305316	10.1810191550799	9.02909875429737	8.71324236116328	8.52694257325416	8.68796294836803	7.46215961951852	9.28881454422356	8.52053108934216	9.34891681001779	8.1669571553868	9.49145984776936	8.71270700602266	7.79314961393893	7.45097925781388	8.17615683974565	9.20853437449103	7.47271635806812	8.51572860095568	8.05230869212157	7.59127537019934	7.89437338045708	9.25634905409331	8.88331113270294	8.38607754657438	8.51127808187135	8.27163666954994	8.45906650638947	8.38289045489439	8.79640549693506	8.35738835281439	8.70797849831708	8.4045549958741	7.64988924832848	9.02002214013542	8.16609376036909	8.98410395816417	8.94790286400247	8.68984274456313	9.62072455424495	8.65869990033418	6.60840899811669	7.66380955375428	9.19946380387036	8.25018159099965	7.8193359684203	8.49823852771464	8.36557476785021	7.85276175206876	9.18506719059579	8.71680829175427	9.25811179355684	9.1495494551659	9.00189365229386	8.09837675933202	7.57806291732736	8.67709084353499	9.18368381196928	7.63576235189552	9.25868782178383	8.72441366181285	8.10034873051636	9.17923087878988	7.44646639224796	7.3636511604716	8.26326932661052	8.19944146146498	8.86600863880321	8.98673862071632	8.77447958977452	8.2504107805222	8.03969944617821	9.43614014602902	8.52737957670034	8.31881571546311	8.37895895908948	9.51715679510751	8.37262333409072	8.0029915202056	8.14344621956604	8.25768536431824	8.83564652052828	8.79938069846488	7.76174348160465	7.75283601909661	8.32083671075641	9.49264040098112	7.81181104530293	8.78439206451593	7.72213018358609	9.17873094367921	8.58897151591259	7.53494523316838	8.7476431453848	9.03035712741148	8.32011855131513	8.85658624446842	9.00539701100083	9.16509076562365	9.00564885026279	8.04018617376179	7.9858252539128	7.81892310107676	9.80993556387591	9.47169486232827	8.4282688760355	9.02239766559115	8.16799531745658	9.56942218962839	8.82449717096161
Prat_Claudin	Prat_Claudin	Prat A et al Breast Cancer Res 2010; PMID:20813035	0	1.41054526452098	0	0	0	1.78033737141913	0	0	2.24650487745326	0	3.61003496436024	1.75100463093933	3.78084529203913	0	0.75835715749864	3.66426378739262	1.9004030744886	0	0	5.6449655285767	3.29809352134106	2.21436696758263	0	1.92246339952898	1.63256761383912	1.47174581546358	0.851344676459439	0	4.93330180377552	0	0	1.15901174445393	1.91852015061548	0	0	0	1.64161138481658	2.84574299628905	3.89069939999665	0.609530273206181	1.60343902092519	4.93388112815261	0	1.34530135245339	0	0.829934883573212	3.9641417891287	0	3.61553820164198	4.08262182035604	2.87996510567099	4.28878523699146	0	0	0	2.70719668279282	0	0	4.70043971814109	0	0	4.47479431900955	0	1.50585440246936	3.63832993566671	0.825178030617099	0.907396271721543	0	0	0.87271569302513	0	4.797080445227	2.61546273177219	0	5.23219606144083	2.07097487956233	0	0	0	2.93234479521185	0	1.447375917871	0.879415794692869	0	0.878588680027571	1.22838931565171	0	3.16992500144231	2.77447391636527	0	0	0	0	0	0	0	3.08873651930684	0	4.49017683874223	0	2.77167682017845	0	1.19712626494599	0	0	0	2.90294008851802	1.39287657562308	0	0	4.60595684096466	0.951368423034119	0.791155640771786	0	1.02745246962271	0	2.24935372960743	2.98468901837734	4.00914763373749	0	5.1183798411819	0
Rody_IL8	Rody_IL8	Rody A et al. Breast Cancer Res 2011; PMID:21978456	3.13984004847637	3.91611329046464	7.8869275154533	5.14734482129443	4.71257783565125	6.89112285080556	0	0	6.38192364690957	5.43422758887873	4.36584276012868	7.0859550505382	8.01045954357373	6.02536034085463	4.76974027541012	8.66657054032641	5.88459707069233	5.30715557182073	4.51852752658903	6.54392411697942	10.3425632684493	8.37902166595197	4.31989594304079	6.40464652504069	8.21013749809285	5.14115001140989	1.7708481699005	4.99755246666423	5.44745169590956	7.69626706825278	8.18731938881809	5.58061813952238	4.84817266897782	4.11602111753605	7.54370747966164	2.73190893838538	3.85075560939327	3.50011373758384	4.94454400637501	6.58740979435619	3.34681589663491	8.39453086490583	5.60537354236931	3.55898127313886	7.45990481648231	5.28919452431075	7.05804120454624	5.64606232040504	5.47965136565592	4.29279843265172	5.73234653936439	4.95542908277861	6.85750091835437	8.39253873236224	5.31202405980215	5.8843635604933	0	5.15740905670119	6.14088532849096	5.84446926902781	4.40506322873485	6.69092829446417	8.34580587719712	9.911814987538	4.13274803654579	5.2200366685413	8.0805641549637	4.54641007064432	9.31618480696076	6.14594121076882	4.36062353442004	5.21118241757167	5.59034495909664	6.45253148541106	4.14003090246477	6.20108451969073	5.03826906450807	4.01111499550572	8.72853480631787	5.51652355334218	4.83268032448352	1.447375917871	5.14668937545865	5.9308345454816	5.81624141427741	2.94771529641882	3.5338120714008	5.23521646169403	5.69022042117565	4.66902179271904	2.08122769666213	7.17634316040146	5.50379536303629	4.57960565222068	8.32032161157957	4.20546422463409	3.32322723503899	6.80641938226173	5.86457169707278	3.50245162305097	4.74989457315896	5.13302541863078	7.15546936073903	4.00554388643032	3.98776332748111	2.03826817845997	4.82567629019623	2.08815352798104	7.06102139811818	7.23613572675388	6.18434780245309	7.15909735561973	5.05051225368576	4.27585028426063	3.04770435443851	3.68456153234682	4.0016934748013	4.87547252281411	6.24512036091159	2.91751255221627	6.15012261562552	7.33564127269359
Rody_LCK	Rody_LCK	Rody A et al. Breast Cancer Res 2009; PMID:19272155	7.31307264810535	8.32672878332674	11.2716986796769	8.11961242357224	6.34487515092889	8.34369045429811	0	3.87444811294346	7.85773254374867	8.60745655623766	7.43178578038483	9.42276171487052	9.12883084102729	12.1384922913376	9.35735349930304	7.75470890437906	6.84687854143515	8.92385188321497	7.02515839949138	10.1674663956952	8.34426089661647	9.59968807467435	7.87517879280384	10.5548342174615	8.73243869455828	6.37808776084056	3.70738411201089	8.17268829919252	9.19899698146313	6.64592869645509	8.48783411902968	7.37700811941839	6.02121476021192	7.62762924798946	10.2245546885377	9.04771478958949	7.82299582478586	7.22429353027523	7.39279155180692	7.59957655419277	8.38068993712402	8.71449796885304	8.2517887354967	8.46385235044557	7.88327822165714	4.73665732323581	8.9053424498237	7.31570520444076	8.98878591974285	9.41482638431279	7.64005171382322	9.96722657704042	7.48402489994832	4.59668928433604	6.79642811417885	9.35226729838434	8.89725941890855	6.29923163582046	8.19668230223055	8.1607206679036	6.84712656112648	8.97974243577323	8.69163806668455	9.58370344769231	8.91667159240724	9.30972589053663	6.80449931773667	5.92233444054179	9.55612715992022	8.85257351678592	4.66843767585708	8.68746495777011	8.00216367309707	7.84823052538068	8.86624399897112	6.22186191446869	5.32388992826436	6.83829743930336	6.71113122602853	8.59149628493542	9.41386249705129	9.26644672322993	6.93953667280209	7.07156045579617	10.2969450708299	7.79833358028227	7.94340184882618	7.56224242422107	9.8371410398984	7.81398975472715	7.56411042099809	7.04530291443172	7.92760538286145	9.85832875414611	8.84081327561353	6.51293529138285	6.77875791833638	8.11839024554299	9.29311036103078	6.95241862918511	8.44087899141706	9.41535766417683	8.84939370793105	7.45846348957935	6.69630968397385	8.10698116914563	8.83517941884426	7.07838849021282	8.85689421915084	9.1596837893247	9.27765395629662	9.18891874361218	7.47979476151367	5.36721671965508	6.26312413453012	11.0129729585181	10.5571132042253	7.1293158142606	8.81203926485779	7.2113981565617	9.75406505631823	9.08207021713298
Rody_TNBC_BCell	Rody_TNBC_BCell	Rody A et al. Breast Cancer Res 2011; PMID:21978456	6.15896089331861	2.68576779503	5.54270917511322	2.41222657071995	0.83141492095665	4.15596812770529	0	0	0	3.44632765420725	2.04859074393158	6.04415651327158	6.63768240296718	7.15336283582141	3.28575946397357	3.07203447889271	0.62140410635369	1.92478571071976	0	8.80741696011345	4.82262654869336	5.48180749130052	4.92369392842751	8.32412011667101	2.41157824044358	0	0	2.08934170176888	1.82927181655114	0.616931867211755	0	1.53504562276606	1.91852015061548	2.64432122256033	8.35187203031764	4.11740551573168	1.82789061647043	2.96183389322746	1.03384310073459	1.49976995628886	2.60711503033014	3.99209633971956	8.59364197941656	7.19365898135646	4.4415007119628	0.414967441786606	0	0	2.88421973808952	7.06626088475908	1.46401334643038	2.54141701558383	2.25162463884585	0.91943950519557	3.09759395234607	3.44838912541325	2.74585577321726	0	2.2361025974104	2.80718241450988	2.24183238683825	0.487356779194571	3.4679785006594	8.03435561353332	3.94402655457445	7.61452398647047	2.1137903528467	2.51147995290994	1.68009750011242	1.05625431669874	0	3.276620584226	0.804707026162825	1.81846422338111	5.13425062261286	3.4534042307561	0	1.69287708406831	6.05269811040163	3.84039044639071	6.82544416304133	0	1.41526364635883	1.94747366025781	8.87761127858282	4.09199831696436	6.14571505935374	4.55261047115806	7.91773592325265	1.52274255089719	1.87265886091055	3.41476346260692	4.20745165121651	4.67166021022403	5.56122836659816	0	6.06772045139332	0.397919934557174	4.22347045782731	2.0937882516598	0	0	5.38075623293289	0.70936789481341	0	3.39897985627589	3.01446699517975	1.58743837763219	4.80468492909473	4.02364117530141	1.05817775784124	1.80466894860312	2.77565117879288	4.90899002156047	2.44754329217336	8.25440509758543	8.54011506174329	3.10966955758032	4.72312198590742	5.0005510133466	5.59124008374322	3.55092674792793
Rody_TNBC_TCell	Rody_TNBC_TCell	Rody A et al. Breast Cancer Res 2011; PMID:21978456	7.70758815033726	8.34330167262547	11.3134466289516	7.65921785793069	6.85370793332307	8.50527034290901	0	5.03051611157674	7.56188089173701	8.65691565432563	7.22374494448419	9.41586845753464	9.20880240564576	12.4393600877628	9.40872023335847	7.89868629637753	6.63996539863692	9.09850290829435	7.49163359228091	10.3814541372962	8.78443366586026	9.4649623691042	8.10525227691905	10.9412214814126	8.48126438869848	6.36253992687134	2.88554041102215	8.03104546627274	9.32357101639881	6.54877978095398	8.50351448137105	7.26002289583794	5.95986768951326	7.90431468235603	10.2222125810192	9.13513028110466	7.86056771332258	6.91924142400135	7.18383605367574	7.35831373519141	8.48571574038312	8.75630687553977	8.53211669404603	8.48860624801712	7.8349313431686	4.71530527819402	8.78893383111329	7.45084331267845	9.09090078994923	9.25780093910265	8.00363784523574	10.5169541337746	7.88386463195782	4.79671605491179	6.88562141169424	9.17642119444285	9.07642579289396	6.55000102986756	8.31862635988271	8.76159807050233	6.88502913943677	9.18391106427307	8.8421742401372	10.1980570890314	8.72900144460567	9.6179270961418	6.02956276745118	5.10854184128606	9.04507801029878	8.94837658207207	3.96880672142967	8.70806106819711	7.91497043858224	7.0450169080986	8.69296760393748	6.37621179049698	5.13448418448998	6.46406323875566	6.79939063635094	8.82182953191788	9.57964356084508	9.77506253571146	6.92300693498276	7.0301715962084	10.6739922444109	7.56241482497947	7.99331852078779	7.95516130825631	10.4286508055627	7.93290630153034	7.58547910793314	7.42980678407782	7.82011380021612	9.51955582606818	8.60449925803363	6.2507570487722	7.55692713201414	8.99093839742492	9.4314128414876	6.44473202390333	8.54529220581028	9.69791531672555	8.26054429258039	7.8221001548077	7.17210663549478	8.27703949667093	9.23809934933939	7.20318289745991	9.09536044724177	9.45411967558662	9.08908851503075	9.31969072066852	7.58149581502333	4.8176985113832	5.60259286309965	11.3068997777194	10.7396308935966	7.19253574281682	9.01146743832493	6.79234677800107	9.93497594770034	9.40339371106947
Schmidt_BCell	Schmidt_BCell	Schmidt M et al Cancer Res 2008; PMID:18593943	7.46968298180909	7.51893972454446	9.80903943396707	6.64760780980983	5.34134274591296	8.54521836630318	0	0	4.474012236339	9.33964555996728	3.60481013146041	10.2453875484669	8.92716211348295	9.83133542826622	8.71691861243904	6.20412648557998	5.10774609860933	9.41465044462282	0	10.0269476552746	8.04871263618084	8.74735062875954	7.70453439677086	10.1161323625385	5.37395770396211	1.12590375033874	0	6.31435870342543	5.613682405467	1.23386373442351	3.81834565531986	6.69129212037873	1.91852015061548	6.31163702771494	9.26448312512427	7.08380645579535	6.63357292478967	8.84816524217912	1.6452829371479	3.06361907386052	8.22720606302871	7.24836203744754	9.67673054059909	7.46922531033925	6.39473496053269	2.50223658337427	7.272146558318	5.09783757289588	5.46278040171307	9.55136877361738	1.82559404034265	2.54629729934881	4.81074418038745	1.83887901039114	6.84042887273716	3.91191648297404	8.64323148760305	0	5.74731733927177	8.4179211380494	4.96714677390013	1.96190217141981	7.66824644576875	8.98064279558648	6.10547580694298	8.4694668233819	4.72209363836707	2.24118696406418	4.68463849137368	5.43194088128456	0	7.64689338271391	4.96669333562621	3.83197713399769	8.69541636776324	4.25874466417416	1.01987849443329	7.72001824160224	8.74221635935071	4.19260797690159	9.07028742296843	6.32997250836259	8.4661567818372	4.01750247494699	10.8095366544349	6.90072344570355	5.92990097803317	6.55969574211073	9.40240325100687	7.16557187242786	4.35942053941541	8.31309632021128	7.15023120822602	9.34332042044805	7.93878800957233	4.5619969953506	7.2503766696313	8.25014664837636	5.52174234247273	5.89611165405341	5.31687264479276	3.62803122261305	8.48829219614027	5.16005883476369	0	7.12510826853303	4.99811821654633	6.49874498601978	9.32998270518656	6.73179809455716	7.44428589036148	7.3612093529079	7.0336157955016	5.52249280428451	2.04098526412453	10.9420769109612	9.91207238229251	5.79786432938552	6.53549749604854	5.02614585243305	9.41875356771789	7.69991540411308
TGFB_Score	TGFB_Score	Thorsson V et al. Immunity 2018; PMID: 29628290	10.1517031253123	11.1717848169816	11.4104357357889	11.0041080845882	9.37564115821385	10.6412827780356	9.53876774491839	8.58368713423158	10.9438253939668	10.9444369750641	10.9545851236838	11.4995064428489	10.9551512892321	10.4933602392228	11.1598712126091	11.4108424309878	10.9625593856267	10.3847641530679	9.5362406067491	10.7620306021392	10.6639427598252	11.2406062585539	10.052008425603	10.8835497799682	10.7110338059295	10.3349109131025	10.9133559239361	10.0038413835954	11.3742710328252	9.91498126556769	10.8277809541824	11.4106253621239	10.946995689508	9.58679073964119	11.0447700082343	10.1744593655928	10.6164611708711	11.0269467936707	11.040801368337	11.0112441602071	10.8277024362797	11.2096329505743	10.2514630616021	10.4393312287023	10.9433424920502	10.9421943852832	10.8395421410827	10.9854049020898	10.8671178909758	11.5130189880256	10.9227356973974	11.0698936864296	10.5502085274335	9.2324518352921	10.8516055705199	11.1347233490355	9.73251755416823	10.8488604807302	10.7667804923021	10.8298327213141	10.8432784849263	11.1391735332401	11.1813644416754	10.9349901249117	11.2015518223626	10.8229962399363	10.7779039657617	10.5286808060298	11.7716399099089	10.7076648225034	11.3606421849382	11.469421630918	10.7712121115361	11.5712066190741	11.7267547874593	10.1544873687063	10.2586214396178	11.2647358174799	11.3874237064067	11.0870782610962	10.1095192491245	10.1947355940158	10.5832377158912	10.2551273169427	11.0618377582199	10.9360273349533	10.4849204174769	10.433584745708	11.352824388297	10.7257615410217	10.9708687495874	10.9676365729535	10.8020885908315	9.85203098422584	10.8367583682111	10.4877574974097	9.55985934665878	10.4764330045402	11.5149875585567	10.6285281991318	11.0600653733332	8.86699786848501	11.7260094560364	10.0423108421463	9.89739375120634	10.6310279029504	10.8952196453845	10.8126285281211	9.96722625883599	11.1533457354479	12.0413737603033	11.2635714297457	10.9848212582421	10.4329404857807	10.5532056100072	10.9355421476988	10.4267572488617	10.9418467160979	11.0723543358576	10.7658387554442	11.2509075750233	10.9986675134951
Vincent_IPRES_NonResponder	Vincent_IPRES_NonResponder	"IPRES derrived Hugo/Lo 2016; our analysis of their data, genes up in non-responders"	6.42775111344192	7.13240819722492	7.988871707809	7.06563729688036	5.24750432433272	6.63248776479979	0	0	6.54511150449158	7.04614262809316	7.29042328032805	7.98507759888939	7.25121783773698	6.96636734141151	6.86406698452334	7.45395062167957	7.38405301141725	6.75083338590333	4.89348842412579	7.06277264867331	6.39588199796382	7.37018039004048	6.43761583995615	7.15375821305177	7.03606248888536	5.7604124982424	6.27421069598149	6.32064836461908	7.66558381003052	5.85255658431132	6.86596875503324	6.60256782743736	6.04327880816728	6.15504968925569	7.53221263463292	6.78765202625876	6.46976404571424	7.70980707834242	6.92168859391139	7.70512177571196	7.08193299660736	7.48932386713432	5.52227952238263	7.73899836791496	6.78145057955081	5.96418616560376	7.3192700462783	6.64686026071427	6.75411035684519	6.94521042150231	6.94412525545918	7.66644880355621	6.88982754212398	3.12630531714507	5.89529792020186	7.3405287838707	5.98451399421693	6.20880194817512	7.12502032730672	6.73149768188789	7.36474073603364	8.01525896927464	6.65134341665981	6.9680348229483	7.26989688201988	7.30072771121384	6.15083302084494	6.02913403381432	7.51795516523896	7.33452851864839	7.08071438173779	7.62831278238779	6.99042908907758	6.84545436100799	8.37724726365985	5.89960888807088	6.10499451740739	7.23215212705843	7.15491361698242	7.57655201584096	6.16397434707688	6.05810858956779	6.12618154385436	6.49596474898717	7.7583164256976	7.9153201601499	6.58853429510469	6.94251450533924	8.05973945718266	6.76742897605703	6.97061624673122	5.99535643864906	6.26809357095768	5.84809141964358	6.89983966957078	6.32252903248977	5.57126865235373	6.59246311480651	8.14847385254731	6.51885524756216	7.25317909168453	6.11232102486625	8.06591542418352	6.44602182902235	6.45098828458022	6.46975756119956	6.99672820151963	6.69263792456235	5.87851263129054	6.36738691517301	8.3275676153872	7.27669653728186	6.43402478162229	5.77347082598711	6.11968455502092	7.6195023245744	6.93548219111586	6.82938549470003	6.76397194643493	6.38951020361939	7.21603462662272	7.28503819559796
Vincent_IPRES_Responder	Vincent_IPRES_Responder	"IPRES derrived Hugo/Lo 2016; our analysis of their data, genes up in responders"	8.46206349516634	8.53456702000054	7.97899540507075	8.42208877437231	8.30058990194541	8.54207710849245	6.44988739818252	5.84232819437066	8.67679789646547	8.28646316063262	8.57800490774208	8.75618158146309	8.84800918434041	8.00865197262519	8.77592174805065	8.86493095794733	7.92413942094851	8.41102757277481	6.93891056202434	8.6300570594976	8.25666690207383	8.43827292902311	8.23303289811077	7.67094438884824	8.42817253071842	8.37789675772492	7.66243538846086	7.68508747207602	8.25848386571953	7.7925227308721	8.19823226389894	8.6803805135918	8.61508773580786	8.26384451563072	7.66445167203573	8.44087385342765	8.97577202962789	8.80281286046167	8.73319959153355	8.54396085413834	7.89788073658465	8.59008158409889	8.55328139466189	8.42880589356068	8.3838120252166	8.48662733415636	8.54729542895093	8.50174792432758	8.59454168744272	8.62301061848686	8.48584978822041	8.51581038723423	8.7405283535087	7.76483739919357	8.63252006967075	8.63845668687162	7.78751910635456	7.36523579788241	8.10568081048973	8.74721648881054	7.98928541902215	8.49214705185621	8.43702765927195	8.47988567996751	8.98709965310784	8.28904356570979	8.8116497860092	8.57102715464465	7.63469704221159	8.82110691258754	7.96683456498969	8.46781302799267	8.68029328738174	8.45206194866791	8.09083365647012	8.25716024806042	8.47399828434778	8.35777211893677	8.29927591413034	8.60076692202467	8.60684930171671	7.86066352258427	8.59704340378986	7.84401944914441	7.999588842583	8.51162317278924	8.72887239873115	8.66888498426625	8.05922868199067	8.96556353034652	8.20014562119171	8.20337653514679	8.60898372380723	6.83551418114699	8.20401085704698	8.77561146125363	8.72935536495118	7.3647468767277	8.7846161114784	8.10537031461075	8.22052150272831	7.32274757519391	7.94245408091208	8.47824848578731	7.88346890950283	8.55130924157644	8.92553034599154	8.5490329049869	8.10696176174016	8.73838086442678	8.13984034368719	9.04333106886435	9.01354926972064	8.64465988318484	8.93966159361985	8.39644825412871	8.2343951085703	8.68032168312819	8.86987480779974	8.95487218133708	8.83494316855445	8.10675021048361
Vincent_Plasma_Cells	Vincent_Plasma_Cells	Unpublished (from clinical hematopathology observations)	7.46418307289052	7.84825508687396	10.2829775706078	6.10457624323211	6.0136887844944	8.52923683450961	3.27416122339066	3.23072858057461	8.07318755910986	8.40180595619917	7.93487592256093	8.98325364048145	8.57433052837325	11.3343412659741	8.56320021780961	8.91174911053514	7.18638101830763	7.87207443588655	6.56129033425626	9.06649273958433	9.29197847215536	10.2351738265336	8.89302117989508	9.55704118581163	6.90217132430289	6.80861985850724	9.93289217593821	8.42957683095929	8.99206195506219	6.53395075910854	7.75536919466132	5.84140017170114	6.34978875221113	7.02739856067754	8.13895678495182	8.2153135873457	6.73763028002728	8.05125769198973	9.02178124055764	8.96473093805779	7.98996811839953	8.02088051128694	7.62135082228685	6.63360328493296	7.60626928344155	5.83608058937979	7.09034893204242	7.69745424834095	8.05036744695387	8.26346392985852	8.83983509836211	8.77672819344216	6.59235919132603	5.97434928545511	6.51621337270345	9.03124817794159	8.37292967727341	2.28423801545712	7.71674049272654	7.78489257561393	7.6352066929177	10.1570680696787	8.43429107574542	9.08902150119782	8.4764253241842	6.95547068196068	6.45254114622346	6.90845269892649	8.79911789354749	6.98691717282987	3.92443837562576	8.98710891989645	8.5804946081275	7.46425360877135	7.76901420961866	8.08525558145244	4.54563546360126	8.77489824651191	6.57034416665564	8.11287150126378	8.88328794003468	7.68465300738231	7.71332106403402	8.07710617231845	9.55483645913892	4.68146805517947	7.12160116044539	7.27035286245453	8.9390715135885	6.28239313725812	6.38579012503732	7.14444888892766	8.16490416569409	8.71437298299534	8.12057651749701	4.62537901246285	5.32328810225495	9.63496294619477	9.94934862336308	7.34206812680568	8.37431997135064	6.06069501181085	9.69246716825087	6.756194513511	7.00871956942778	7.86544160862184	6.73151852067334	7.48516469398141	8.17032387803257	7.72204267088745	8.49909686984447	7.50864380885775	4.92390313660903	4.42929186109424	6.84167766854633	10.9522195155145	9.40655924147357	6.6840919700032	9.71989770612169	5.87678324148297	9.52571679633645	10.2192743961051
